pattern;regex->SR (milliseconds);SR->NCA (milliseconds);NCA->DCA (milliseconds);NCA->DCA (milliseconds)-alg;NCA->DCA (milliseconds)-opt;|NCA|;|DCA|;|DCA|-opt;|DCA|-alg;NCA-trans;DCA-trans;DCA-trans-opt;DCA-trans-alg;Counters-NCA;Counters-DCA;Counters-DCA-alg;Timeouts-our;Our exception;Positive-errors;Positive-opt-errors;Lenght string;DCA Matcher - time (milliseconds);DCA Matcher opt - time (milliseconds);regex->NFA (milliseconds);NFA->DFA (milliseconds);DFA->min (milliseconds);|NFA|;|DFA|;|MIN|;DFA-trans;MIN-trans;Timeouts-classical;Classical exception
^.{0,114}\x90\x90\x90\x90\x90\x90\x90\x90\x90\x90\x90\x90\x90\x90;0,0139;255,9627;;;;;;;;;;;;;;;1;The function has taken longer than the maximum time allowed.;;;;;;0,21819;54,54305;25,50255;130;3025;1520;7252;3025;;
^.{0,13}Cinco Network, Inc\.;0,00292;8,05666;83,96765;11,48208;73,94646;20;75;75;75;21;257;257;257;1;1;1;;;0;0;28,22222222;1,078611111;0,530022222;0,30624;1,82919;2,29305;34;124;124;306;306;;
^.{0,13}\x05\x00>;0,0026;0,25687;7,24283;3,59392;8,73035;4;11;11;11;5;33;33;33;1;1;1;;;0;0;13,77777778;0,890922222;0,468877778;0,13583;1,71755;1,42109;18;74;42;203;103;;
^.{0,13}\x05\x00\x3E;0,0024;0,21492;8,07551;2,33517;3,74481;4;11;11;11;5;33;33;33;1;1;1;;;0;0;11,33333333;0,215788889;0,187377778;0,18218;1,22134;1,32052;18;74;42;203;103;;
^.{0,13}\x43\x69\x6e\x63\x6f\x20\x4e\x65\x74\x77\x6f\x72\x6b\x2c\x20\x49\x6e\x63\x2e;0,00296;10,53559;77,28161;21,92327;79,92473;20;75;75;75;21;257;257;257;1;1;1;;;0;0;27,77777778;1,159355556;0,566888889;0,17989;1,08749;1,09548;34;124;124;306;306;;
^.{0,16}================;0,0018;0,8485;;;;;;;;;;;;;;;1;The function has taken longer than the maximum time allowed.;;;;;;0,18881;1,95554;1,85014;34;289;153;440;289;;
^.{0,16}TJPingPro by Jim;0,00189;3,64627;38,6857;9,35232;39,74959;17;63;63;63;18;215;215;215;1;1;1;;;0;0;25,66666667;3,508766667;0,4553;0,37624;2,16832;2,02453;34;184;168;470;439;;
^.{0,16}\x54\x4a\x50\x69\x6e\x67\x50\x72\x6f\x20\x62\x79\x20\x4a\x69\x6d;0,00214;6,63664;33,01441;8,83233;40,4934;17;63;63;63;18;215;215;215;1;1;1;;;0;0;24;0,9302;0,630688889;0,37624;1,47848;1,70711;34;184;168;470;439;;
^.{0,16}\x57\x68\x61\x74\x73\x55\x70\x20\x2d\x20\x41\x20\x4e\x65\x74\x77;0,00218;5,00827;39,51721;10,72396;47,70615;17;63;63;63;18;215;215;215;1;1;1;;;0;0;24,33333333;0,776777778;0,413688889;0,37624;1,76188;1,43569;34;184;168;470;439;;
^.{0,16}\xaa\xaa\xaa\xaa\xaa\xaa\xaa\xaa\xaa\xaa\xaa\xaa\xaa\xaa\xaa\xaa;0,0013;0,9223;;;;;;;;;;;;;;;1;The function has taken longer than the maximum time allowed.;;;;;;0,37624;1,9916;1,87993;34;289;153;440;289;;
^.{0,23}Wtzup Use;0,00189;2,25766;17,51824;4,92826;19,04943;10;35;35;35;11;117;117;117;1;1;1;;;0;0;19,22222222;0,6607;0,282255556;0,37624;3,28142;2,88666;34;296;189;896;516;;
^.{0,24}ISSPNGRQ;0,0019;0,68632;11,0782;3,60733;17,10538;9;31;31;31;10;103;103;103;1;1;1;;;0;0;16,11111111;0,371366667;0,236833333;0,37624;2,96963;2,49082;34;295;180;901;491;;
^.{0,24}\x49\x53\x53\x50\x4e\x47\x52\x51;0,00198;0,58435;13,26096;5,48589;11,90032;9;31;31;31;10;103;103;103;1;1;1;;;0;0;19,11111111;0,620266667;0,430088889;0,37624;2,69743;2,43867;34;295;180;901;491;;
^.{0,3}Invalid login;0,00226;3,92763;28,13284;7,91956;28,94492;14;51;51;51;15;173;173;173;1;1;1;;;0;0;19,22222222;0,331955556;0,321444444;0,37624;0,27211;0,1253;18;23;23;35;35;;
^.{0,4}[gG][eE][tT] ;0,0019;0,21874;5,18862;1,6802;2,95402;5;15;15;15;6;47;47;47;1;1;1;;;0;0;11,77777778;0,194655556;0,199566667;0,37624;0,25752;0,22158;10;22;18;44;37;;
^.{0,4}\x0A     ;0,0018;0,2394;3,70311;3,46615;3,58801;7;23;23;23;8;75;75;75;1;1;1;;;0;0;14,77777778;0,1626;0,187344444;0,37624;0,16892;0,07541;12;11;11;15;15;;
^.{0,5}[pP][cC][cC][sS][mM][yY][sS][qQ][lL][aA][dD][mM]\/[iI][nN][cC][sS]\/[dD][bB][cC][oO][nN][nN][eE][cC][tT]\.[iI][nN][cC];0,00241;15,22988;106,45916;20,82888;125,12215;32;123;123;123;33;425;424;425;1;1;1;;;0;0;39,22222222;6,729866667;1,163;0,37624;0,43015;0,32921;38;52;52;82;82;;
^.{0,8}VERSION\x0A;0,00199;0,64646;14,81198;5,05016;15,71744;9;31;31;31;10;103;103;103;1;1;1;;;0;0;15,88888889;0,437922222;0,258355556;0,37624;0,54689;0,4882;18;52;52;123;123;;
^.{0,92}\x38\x39\x3a\x3b\x3c\x3d\x3e\x3f;0,00203;0,63767;9,5782;3,84263;20,71848;9;31;31;31;10;103;103;103;1;1;1;;;0;0;20;0,464566667;0,295;0,37624;20,74819;12,7346;102;1383;724;4505;2055;;
^.{0,9}[yY][pP][iI]0[cC][aA];0,00211;0,41917;9,02454;3,74463;9,71808;7;23;23;23;8;75;75;75;1;1;1;;;0;0;15;0,465077778;0,227922222;0,37624;0,46772;0,44391;17;66;51;166;125;;
^.{0}\x05.{1}\x0b.{21}\x00;0,00228;0,21571;0,96068;0,72039;3,02308;5;6;6;6;6;9;9;9;1;1;1;;;0;0;30,44444444;0,7183;1,837233333;0,37624;0,0002;0,10281;26;26;26;26;26;;
^.{0}\x05.{1}\x0b.{29}\xA0\x01\x00\x00\x00\x00\x00\x00\xC0\x00\x00\x00\x00\x00\x00\x46;0,00242;3,04385;27,54005;7,73105;24,13926;20;66;66;66;21;218;218;218;1;1;1;;;0;0;55,44444444;1,417177778;7,904844444;0,37624;0,0002;0,35119;49;49;49;49;49;;
^.{0}\x05.{1}\x0b.{29}\xB8\x4A\x9F\x4D\x1C\x7D\xCF\x11\x86\x1E\x00\x20\xAF\x6E\x7C\x57;0,00245;6,32861;72,86258;17,10948;60,82664;20;66;66;66;21;218;218;218;1;1;1;;;0;0;52,66666667;11,35885556;6,210877778;0,37624;0,00032;0,1772;49;49;49;49;49;;
^.{10}<willnevermatch>;0,00254;3,83157;58,03184;18,91307;72,7126;17;63;63;63;18;215;215;215;1;1;1;;;0;0;31,33333333;0,652222222;0,519622222;0,37624;0,0002;0,14744;27;27;27;27;27;;
^.{10}\x8F;0,002;0,08295;0,49899;0,57773;0,62951;2;3;3;3;3;6;6;6;1;1;1;;;0;0;16,11111111;0,676544444;0,218977778;0,37624;8,00E-05;0,05607;12;12;12;12;12;;
^.{11}\x00\x01\x86\xA0.{4}\x00\x00\x00\x01;0,00226;0,58375;95,20907;79,30025;82,7567;9;143;143;143;11;984;968;984;2;2;2;;;0;10;29,22222222;0,723477778;0,5148;0,37624;0,00016;0,11873;24;24;24;24;24;;
^.{11}\x00\x01\x86\xA0.{4}\x00\x00\x00\x02;0,00198;0,55307;114,97563;73,96132;94,72913;9;143;143;143;11;1020;996;1020;2;2;2;;;0;10;27,44444444;1,256255556;0,988677778;0,37624;0,00016;0,167;24;24;24;24;24;;
^.{11}\x00\x01\x86\xA0.{4}\x00\x00\x00\x03\x00\x01\x86\xA1;0,00204;1,34784;212,88639;126,80976;208,84595;13;215;215;215;15;1590;1559;1590;2;2;2;;;0;10;29,33333333;1,661688889;0,956288889;0,37624;0,00016;0,31097;28;28;28;28;28;;
^.{11}\x00\x01\x86\xA0.{4}\x00\x00\x00\x03\x00\x01\x86\xA2;0,0025;2,32289;207,3157;122,95085;184,9115;13;215;215;215;15;1590;1559;1590;2;2;2;;;0;10;31,66666667;1,0559;0,6263;0,37624;0,00016;0,12659;28;28;28;28;28;;
^.{11}\x00\x01\x86\xA0.{4}\x00\x00\x00\x03\x00\x01\x86\xA3;0,00232;1,24462;197,40735;111,48667;167,57894;13;215;215;215;15;1590;1559;1590;2;2;2;;;0;10;34,33333333;1,005422222;0,447422222;0,37624;0,00024;0,14097;28;28;28;28;28;;
^.{11}\x00\x01\x86\xA0.{4}\x00\x00\x00\x03\x00\x01\x86\xA4;0,00259;2,43278;202,88526;120,5902;159,49461;13;215;215;215;15;1590;1559;1590;2;2;2;;;0;10;30,77777778;0,8852;0,444522222;0,37624;0,00051;0,34891;28;28;28;28;28;;
^.{11}\x00\x01\x86\xA0.{4}\x00\x00\x00\x03\x00\x01\x86\xA5;0,00198;1,43822;204,54039;117,10487;180,38747;13;215;215;215;15;1590;1559;1590;2;2;2;;;0;10;29,33333333;0,849188889;0,762166667;0,37624;0,00076;0,3247;28;28;28;28;28;;
^.{11}\x00\x01\x86\xA0.{4}\x00\x00\x00\x03\x00\x01\x86\xA8;0,00209;1,48072;204,57496;124,68978;191,24521;13;215;215;215;15;1590;1559;1590;2;2;2;;;0;10;29,44444444;0,824922222;0,492966667;0,37624;0,00046;0,23848;28;28;28;28;28;;
^.{11}\x00\x01\x86\xA0.{4}\x00\x00\x00\x03\x00\x01\x86\xA9;0,00283;2,16154;283,82793;162,05786;262,11386;13;215;215;215;15;1590;1559;1590;2;2;2;;;0;10;34,66666667;1,049888889;2,181844444;0,37624;0,00037;0,19081;28;28;28;28;28;;
^.{11}\x00\x01\x86\xA0.{4}\x00\x00\x00\x03\x00\x01\x86\xAB;0,00296;4,93548;312,407;163,0145;253,91815;13;215;215;215;15;1590;1559;1590;2;2;2;;;0;10;31,77777778;0,9257;0,450311111;0,37624;0,0004;0,1944;28;28;28;28;28;;
^.{11}\x00\x01\x86\xA0.{4}\x00\x00\x00\x03\x00\x01\x86\xAF;0,00324;3,00963;277,81548;159,54386;252,96544;13;215;215;215;15;1590;1559;1590;2;2;2;;;0;10;30,33333333;0,973322222;0,475444444;0,37624;0,00038;0,25192;28;28;28;28;28;;
^.{11}\x00\x01\x86\xA0.{4}\x00\x00\x00\x03\x00\x01\x86\xB1;0,00282;3,42668;304,81406;173,76273;254,74165;13;215;215;215;15;1590;1559;1590;2;2;2;;;0;10;32,44444444;1,986155556;0,603477778;0,37624;0,00033;0,23611;28;28;28;28;28;;
^.{11}\x00\x01\x86\xA0.{4}\x00\x00\x00\x03\x00\x01\x86\xB5;0,00344;6,81168;308,60798;198,2975;284,35967;13;215;215;215;15;1590;1559;1590;2;2;2;;;0;10;31,44444444;1,320533333;0,691144444;0,37624;0,00028;0,2221;28;28;28;28;28;;
^.{11}\x00\x01\x86\xA0.{4}\x00\x00\x00\x03\x00\x01\x86\xB8;0,00291;5,17056;364,14071;200,29745;284,75387;13;215;215;215;15;1590;1559;1590;2;2;2;;;0;10;30,22222222;1,139922222;0,565744444;0,37624;0,00037;0,25855;28;28;28;28;28;;
^.{11}\x00\x01\x86\xA0.{4}\x00\x00\x00\x03\x00\x01\x86\xBA;0,0024;1,53978;219,51982;123,7561;189,06714;13;215;215;215;15;1590;1559;1590;2;2;2;;;0;10;32;1,949511111;1,071977778;0,37624;0,00055;0,32345;28;28;28;28;28;;
^.{11}\x00\x01\x86\xA0.{4}\x00\x00\x00\x03\x00\x01\x86\xBC;0,0023;1,62881;211,4716;110,70017;187,31704;13;215;215;215;15;1590;1559;1590;2;2;2;;;0;10;35,11111111;1,165588889;0,521955556;0,37624;0,00016;0,22486;28;28;28;28;28;;
^.{11}\x00\x01\x86\xA0.{4}\x00\x00\x00\x03\x00\x01\x86\xE4;0,00232;2,34842;201,71286;96,23405;172,87473;13;215;215;215;15;1590;1559;1590;2;2;2;;;0;10;32,77777778;1,2801;0,555977778;0,37624;0,00055;0,22676;28;28;28;28;28;;
^.{11}\x00\x01\x86\xA0.{4}\x00\x00\x00\x03\x00\x01\x86\xF3;0,00218;2,53448;212,78931;113,61099;181,79402;13;215;215;215;15;1590;1559;1590;2;2;2;;;0;10;32,66666667;1,148166667;0,527544444;0,37624;0,00036;0,23183;28;28;28;28;28;;
^.{11}\x00\x01\x86\xA0.{4}\x00\x00\x00\x03\x00\x01\x86\xF7;0,00254;1,54163;291,71921;159,77931;321,95596;13;215;215;215;15;1590;1559;1590;2;2;2;;;0;10;31,33333333;1,077211111;0,454788889;0,37624;0,00046;0,19855;28;28;28;28;28;;
^.{11}\x00\x01\x86\xA0.{4}\x00\x00\x00\x03\x00\x01\x87\};0,00265;1,56847;254,48378;112,88165;211,02543;13;207;207;207;15;1555;1525;1555;2;2;2;;;0;10;32,44444444;0,875066667;0,516322222;0,37624;0,00033;0,23868;28;28;28;28;28;;
^.{11}\x00\x01\x86\xA0.{4}\x00\x00\x00\x03\x00\x01\x87\x03;0,00288;1,7282;207,62304;112,10746;183,41667;13;207;207;207;15;1555;1525;1555;2;2;2;;;0;10;31,44444444;0,895722222;0,450966667;0,37624;0,00037;0,22827;28;28;28;28;28;;
^.{11}\x00\x01\x86\xA0.{4}\x00\x00\x00\x03\x00\x01\x87\x7D;0,00255;1,57132;251,22455;124,67247;220,32401;13;207;207;207;15;1555;1525;1555;2;2;2;;;0;10;31,77777778;1,063211111;0,540322222;0,37624;0,00034;0,20215;28;28;28;28;28;;
^.{11}\x00\x01\x86\xA0.{4}\x00\x00\x00\x03\x00\x01\x87\x88;0,00245;3,22497;341,55006;173,33026;281,65051;13;207;207;207;15;1555;1525;1555;2;2;2;;;0;10;35,88888889;1,222666667;0,468766667;0,37624;0,00037;0,16042;28;28;28;28;28;;
^.{11}\x00\x01\x86\xA0.{4}\x00\x00\x00\x03\x00\x01\x87\x8B;0,00268;5,15401;345,48885;152,25313;330,14279;13;207;207;207;15;1555;1525;1555;2;2;2;;;0;10;31,33333333;0,995933333;0,486477778;0,37624;0,0003;0,15021;28;28;28;28;28;;
^.{11}\x00\x01\x86\xA0.{4}\x00\x00\x00\x03\x00\x01\x87\x99;0,00237;2,57827;245,22894;112,28795;217,43796;13;207;207;207;15;1555;1525;1555;2;2;2;;;0;10;31,11111111;0,844944444;0,585611111;0,37624;0,00029;0,12255;28;28;28;28;28;;
^.{11}\x00\x01\x86\xA0.{4}\x00\x00\x00\x03\x00\x01\x87\xcc;0,00246;4,51366;243,10902;126,28519;266,77934;13;207;207;207;15;1555;1525;1555;2;2;2;;;0;10;32,11111111;1,002577778;0,4852;0,37624;0,00029;0,17662;28;28;28;28;28;;
^.{11}\x00\x01\x86\xA0.{4}\x00\x00\x00\x03\x00\x01\x87\xCC;0,00244;5,23625;292,22936;144,52149;235,92566;13;207;207;207;15;1555;1525;1555;2;2;2;;;0;10;33;0,847266667;0,4405;0,37624;0,00051;0,17022;28;28;28;28;28;;
^.{11}\x00\x01\x86\xA0.{4}\x00\x00\x00\x03\x00\x02I\xF1;0,00329;3,8187;345,43639;164,97835;353,70426;13;199;199;199;15;1517;1485;1517;2;2;2;;;0;10;32,77777778;0,988777778;0,492944444;0,37624;0,00016;0,15634;28;28;28;28;28;;
^.{11}\x00\x01\x86\xA0.{4}\x00\x00\x00\x03\x00\x02\x49\xf1;0,00216;2,85977;271,39455;121,04243;217,24711;13;199;199;199;15;1517;1485;1517;2;2;2;;;0;10;33,77777778;1,002255556;2,352422222;0,37624;0,00029;0,16021;28;28;28;28;28;;
^.{11}\x00\x01\x86\xA0.{4}\x00\x00\x00\x03\x00\x03\x0Dp;0,00236;1,38735;205,96125;114,85569;270,88377;13;199;199;199;15;1517;1485;1517;2;2;2;;;0;10;32,44444444;1,087222222;0,531755556;0,37624;0,00021;0,18464;28;28;28;28;28;;
^.{11}\x00\x01\x86\xA0.{4}\x00\x00\x00\x03\x00\x03\x0D\x70;0,00213;0,96945;143,83398;67,72892;107,20085;13;199;199;199;15;1517;1485;1517;2;2;2;;;0;10;32,55555556;0,932244444;0,680777778;0,37624;0,00029;0,20484;28;28;28;28;28;;
^.{11}\x00\x01\x86\xA0.{4}\x00\x00\x00\x03\x00\x05\xF7h;0,00188;1,11093;245,08764;76,34288;140,0923;13;199;199;199;15;1517;1485;1517;2;2;2;;;0;10;32,11111111;0,878588889;0,4274;0,37624;0,00032;0,19361;28;28;28;28;28;;
^.{11}\x00\x01\x86\xA0.{4}\x00\x00\x00\x03\x00\x05\xF7u;0,00273;1,98575;253,90198;100,86623;204,07051;13;199;199;199;15;1517;1485;1517;2;2;2;;;0;10;34,11111111;1,1094;0,521855556;0,37624;0,00055;0,22842;28;28;28;28;28;;
^.{11}\x00\x01\x86\xA0.{4}\x00\x00\x00\x03\x00\x05\xF7\x68;0,00207;1,25446;197,70597;72,10562;135,55716;13;199;199;199;15;1517;1485;1517;2;2;2;;;0;10;31,66666667;0,904033333;0,430455556;0,37624;0,00054;0,24595;28;28;28;28;28;;
^.{11}\x00\x01\x86\xA0.{4}\x00\x00\x00\x03\x00\x05\xF7\x75;0,00212;0,98116;173,47056;69,72332;138,23976;13;199;199;199;15;1517;1485;1517;2;2;2;;;0;10;33,66666667;0,908377778;1,177833333;0,37624;0,00024;0,19496;28;28;28;28;28;;
^.{11}\x00\x01\x86\xA0.{4}\x00\x00\x00\x04;0,00189;0,40652;74,79321;44,24726;62,16858;9;143;143;143;11;1020;996;1020;2;2;2;;;0;10;28,33333333;1,036933333;0,562944444;0,37624;0,0005;0,21418;24;24;24;24;24;;
^.{11}\x00\x01\x86\xA0.{4}\x00\x00\x00\x05;0,00174;0,38297;76,74506;45,47084;59,60222;9;143;143;143;11;1020;996;1020;2;2;2;;;0;10;26,33333333;0,760255556;0,437477778;0,37624;0,00028;0,16916;24;24;24;24;24;;
^.{11}\x00\x01\x86\xA0\x00.{3}\x00\x00\x00\x05;0,00199;0,86086;85,4004;47,41163;62,47256;10;151;151;151;12;1066;1057;1066;2;2;2;;;0;10;28;0,808855556;1,384966667;0,37624;0,00032;0,15545;24;24;24;24;24;;
^.{11}\x00\x01\x86\xA2.{4}\x00\x00\x00\x02;0,00189;0,93382;76,16;42,98127;63,16211;9;143;143;143;11;1020;996;1020;2;2;2;;;0;10;26,88888889;0,446144444;0,268733333;0,37624;0,00038;0,22621;24;24;24;24;24;;
^.{11}\x00\x01\x86\xA4.{4}\x00\x00\x00\x0B;0,00184;0,63161;81,18979;42,59035;66,45641;9;143;143;143;11;1020;996;1020;2;2;2;;;0;10;28,22222222;1,027544444;0,275866667;0,37624;0,00028;0,13328;24;24;24;24;24;;
^.{11}\x00\x01\x86\xA5.{4}\x00\x00\x00\x01;0,00202;0,40499;61,31219;42,02753;54,91345;9;143;143;143;11;984;968;984;2;2;2;;;0;10;27,55555556;0,687344444;0,442377778;0,37624;0,0002;0,20163;24;24;24;24;24;;
^.{11}\x00\x01\x86\xA5.{4}\x00\x00\x00\x02;0,00193;1,27809;117,0054;68,97577;85,72213;9;143;143;143;11;1020;996;1020;2;2;2;;;0;10;25,77777778;0,527111111;0,334255556;0,37624;0,00024;0,16318;24;24;24;24;24;;
^.{11}\x00\x01\x86\xA5.{4}\x00\x00\x00\x03;0,00222;1,29468;114,91308;64,75914;96,03358;9;143;143;143;11;1020;996;1020;2;2;2;;;0;10;26,77777778;0,727933333;0,456688889;0,37624;0,0002;0,16992;24;24;24;24;24;;
^.{11}\x00\x01\x86\xA5.{4}\x00\x00\x00\x04;0,00213;0,80567;126,11174;63,27091;89,16804;9;143;143;143;11;1020;996;1020;2;2;2;;;0;10;29,11111111;0,698433333;0,433477778;0,37624;0,00043;0,22612;24;24;24;24;24;;
^.{11}\x00\x01\x86\xA5.{4}\x00\x00\x00\x05;0,00175;0,89107;71,59977;43,87312;63,4445;9;143;143;143;11;1020;996;1020;2;2;2;;;0;10;30;0,500366667;0,274688889;0,37624;0,00037;0,1847;24;24;24;24;24;;
^.{11}\x00\x01\x86\xA5.{4}\x00\x00\x00\x06;0,0018;0,67154;82,6084;47,46859;62,31403;9;143;143;143;11;1020;996;1020;2;2;2;;;0;10;27,77777778;0,834655556;0,5668;0,37624;0,00028;0,16538;24;24;24;24;24;;
^.{11}\x00\x01\x86\xA5\x00.{3}\x00\x00\x00\x01;0,00184;0,55968;63,66072;47,39806;51,48203;10;151;151;151;12;1030;1021;1030;2;2;2;;;0;10;31,22222222;0,457033333;0,290866667;0,37624;0,00056;0,26698;24;24;24;24;24;;
^.{11}\x00\x01\x86\xA9.{4}\x00\x00\x00\x01;0,00194;0,49894;62,89881;44,83879;56,83108;9;143;143;143;11;984;968;984;2;2;2;;;0;10;27,88888889;0,598288889;0,960188889;0,37624;0,00033;0,24166;24;24;24;24;24;;
^.{11}\x00\x01\x86\xAB.{4}\x00\x00\x00\x01;0,00179;0,39862;62,2384;41,7416;58,04473;9;143;143;143;11;984;968;984;2;2;2;;;0;10;29,55555556;0,941188889;1,438477778;0,37624;0,00056;0,1451;24;24;24;24;24;;
^.{11}\x00\x01\x86\xB8.{4}\x00\x00\x00\x01;0,00184;0,39761;56,46073;45,44784;55,30587;9;143;143;143;11;984;968;984;2;2;2;;;0;10;28,66666667;1,169533333;0,440466667;0,37624;0,00046;0,28261;24;24;24;24;24;;
^.{11}\x00\x01\x86\xB8.{4}\x00\x00\x00\x02;0,00199;0,47012;78,22957;45,39017;67,35022;9;143;143;143;11;1020;996;1020;2;2;2;;;0;10;28,88888889;0,563;0,341722222;0,37624;0,0004;0,23839;24;24;24;24;24;;
^.{11}\x00\x01\x86\xB8.{4}\x00\x00\x00\x02.{0,251}%x %x;0,00231;11,41384;865,83551;334,81186;535,32599;14;367;359;359;17;4703;4516;4551;3;3;3;;;0;0;35,55555556;2,172722222;0,890144444;0,37624;52,82796;31,97993;281;2514;1277;7705;3271;;
^.{11}\x00\x01\x86\xBC.{4}\x00\x00\x00\x01.{4}.*\|;0,00184;2,36342;649,62675;520,91447;463,66726;11;431;431;431;16;5838;5823;5838;3;3;3;;;0;0;35,22222222;2,377155556;1,747;0,37624;0,23397;0,544;30;30;29;32;30;;
^.{11}\x00\x01\x86\xBC.{4}\x00\x00\x00\x01.{4}.*\x7C;0,00208;3,09088;698,33864;574,23406;549,07316;11;431;431;431;16;5838;5823;5838;3;3;3;;;0;0;37;3,927955556;1,720555556;0,37624;0,16347;0,11913;30;30;29;32;30;;
^.{11}\x00\x01\x86\xE4.{4}\x00\x00\x00\x06;0,00217;0,57181;75,00478;40,74472;66,00016;9;143;143;143;11;1020;996;1020;2;2;2;;;0;10;27,55555556;0,720677778;0,749922222;0,37624;0,00032;0,19337;24;24;24;24;24;;
^.{11}\x00\x01\x86\xE4.{4}\x00\x00\x00\x15;0,00235;0,48701;74,58486;46,53065;68,04788;9;143;143;143;11;1020;996;1020;2;2;2;;;0;10;28,33333333;1,245833333;0,660644444;0,37624;0,00037;1,14552;24;24;24;24;24;;
^.{11}\x00\x01\x86\xF3.{4}\x00\x00\x00\x07;0,0019;0,92588;75,57067;43,48843;59,01255;9;143;143;143;11;1020;996;1020;2;2;2;;;0;10;27,88888889;0,776933333;0,481911111;0,37624;0,00041;0,22858;24;24;24;24;24;;
^.{11}\x00\x01\x87\x88.{4}\x00\x00\x00\x00;0,00203;0,54991;78,60917;53,99414;66,7908;9;143;143;143;11;956;934;956;2;2;2;;;0;10;28,11111111;0,397388889;0,2421;0,37624;0,00024;0,12257;24;24;24;24;24;;
^.{11}\x00\x01\x87\x88.{4}\x00\x00\x00\x01;0,00235;0,53928;86,32229;71,77145;78,61556;9;143;143;143;11;984;968;984;2;2;2;;;0;10;28;0,840588889;0,590733333;0,37624;0,00051;0,26246;24;24;24;24;24;;
^.{11}\x00\x01\x87\x88.{4}\x00\x00\x00\x01\x00\x00\x00\x01\x00\x00\x00\x00;0,00185;4,49689;489,29517;309,82362;331,45077;17;863;863;863;19;6266;6202;6266;2;2;2;;;0;10;36,77777778;0,831922222;0,428544444;0,37624;0,00038;0,27137;32;32;32;32;32;;
^.{11}\x00\x01\x87\x99.{4}\x00\x00\x01\x01;0,00193;0,4784;41,48308;31,00149;38,63073;9;95;95;95;11;656;641;656;2;2;2;;;0;10;28,88888889;0,698177778;1,348744444;0,37624;0,0002;0,12348;24;24;24;24;24;;
^.{11}\x00\x03\x0Dp.{4}\x00\x00\x00\x01;0,00184;0,89255;76,81066;47,07919;65,55686;9;143;143;143;11;1020;996;1020;2;2;2;;;0;10;28;0,905677778;0,573566667;0,37624;0,00033;0,13025;24;24;24;24;24;;
^.{11}\x00\x03\x0D\x70.{4}\x00\x00\x00\x01;0,0018;0,49913;72,28113;44,92483;67,2226;9;143;143;143;11;1020;996;1020;2;2;2;;;0;10;28,11111111;0,870077778;0,5176;0,37624;0,00024;0,17122;24;24;24;24;24;;
^.{11}\x00\x04\x93\xF3.{4}\x00\x00\x00\x07;0,00166;0,38339;69,46773;46,45333;69,97966;9;143;143;143;11;1020;996;1020;2;2;2;;;0;10;28,77777778;0,384777778;0,215244444;0,37624;0,00037;0,24306;24;24;24;24;24;;
^.{11}\x00\x04\x93\xF3.{4}\x00\x00\x00\x08;0,00169;0,45182;71,1723;48,32805;62,85654;9;143;143;143;11;1020;996;1020;2;2;2;;;0;10;27,44444444;0,829333333;0,601555556;0,37624;0,00033;0,17588;24;24;24;24;24;;
^.{11}\x00\x04\x93\xF3.{4}\x00\x00\x00\x09;0,00175;0,48941;76,43251;43,15589;71,38359;9;143;143;143;11;1020;996;1020;2;2;2;;;0;10;29,22222222;0,877177778;0,452688889;0,37624;0,00033;0,19118;24;24;24;24;24;;
^.{11}\x00\x05\xF7h.{4}\x00\x00\x00\x0D;0,00222;0,8594;121,32061;60,28456;93,39675;9;143;143;143;11;1020;996;1020;2;2;2;;;0;10;24,66666667;0,599911111;0,372455556;0,37624;0,00033;0,1979;24;24;24;24;24;;
^.{11}\x00\x05\xF7\x68.{4}\x00\x00\x00\x0D;0,00258;0,60355;103,34785;68,32079;90,99976;9;143;143;143;11;1020;996;1020;2;2;2;;;0;10;28,77777778;1,342766667;0,965611111;0,37624;0,00037;0,17676;24;24;24;24;24;;
^.{11}.*\x04[bB][iI][nN][dD];0,00208;0,65442;9,68381;8,8572;9,7588;7;21;21;21;10;86;86;86;1;1;1;;;0;10;26,11111111;0,602111111;0,331966667;0,37624;0,19958;0,12095;18;22;17;44;26;;
^.{11}.*\x07[aA][uU][tT][hH][oO][rR][sS];0,00236;2,25863;23,6085;11,0976;30,19212;10;33;33;33;13;140;140;140;1;1;1;;;0;10;27,44444444;0,785533333;0,288144444;0,37624;0,31923;0,16264;21;28;20;65;35;;
^.{11}.*\x07[vV][eE][rR][sS][iI][oO][nN];0,00311;1,39286;22,67863;9,36799;19,91515;10;33;33;33;13;140;140;140;1;1;1;;;0;10;29,22222222;0,723477778;0,301677778;0,37624;0,42037;0,16708;21;28;20;65;35;;
^.{13}.*\x00\x00\xFC;0,0026;0,32184;4,33919;5,09804;6,73937;5;13;13;13;8;44;44;44;1;1;1;;;0;10;23,66666667;0,292144444;0,212577778;0,37624;0,25426;0,11551;18;20;17;30;21;;
^.{14}.*\x00\x00\xFC;0,00208;0,29143;4,05964;3,09728;3,30293;5;13;13;13;8;44;44;44;1;1;1;;;0;10;28,22222222;0,429666667;0,290288889;0,37624;0,24603;0,1637;19;21;18;31;22;;
^.{15}\x00\x01\x86\xA0.{4}\x00\x00\x00\x01;0,00176;0,45512;55,7126;40,16978;65,48385;9;143;143;143;11;984;968;984;2;2;2;;;0;10;32,33333333;0,877477778;0,611466667;0,37624;0,00033;0,14808;28;28;28;28;28;;
^.{15}\x00\x01\x86\xA0.{4}\x00\x00\x00\x02;0,00178;0,91162;75,62254;44,22044;65,78925;9;143;143;143;11;1020;996;1020;2;2;2;;;0;10;32,44444444;1,304577778;0,614555556;0,37624;0,00028;0,21577;28;28;28;28;28;;
^.{15}\x00\x01\x86\xA0.{4}\x00\x00\x00\x03\x00\x01\x86\xA1;0,00184;0,83073;155,16659;75,40298;99,82193;13;215;215;215;15;1590;1559;1590;2;2;2;;;0;10;35,22222222;0,944777778;0,556155556;0,37624;0,00038;0,39564;32;32;32;32;32;;
^.{15}\x00\x01\x86\xA0.{4}\x00\x00\x00\x03\x00\x01\x86\xA2;0,00193;1,47083;142,67087;86,78249;112,30989;13;215;215;215;15;1590;1559;1590;2;2;2;;;0;10;33,33333333;0,856022222;0,580055556;0,37624;0,00042;0,31751;32;32;32;32;32;;
^.{15}\x00\x01\x86\xA0.{4}\x00\x00\x00\x03\x00\x01\x86\xA3;0,00184;0,92033;155,33351;75,66723;112,57083;13;215;215;215;15;1590;1559;1590;2;2;2;;;0;10;38,33333333;1,164911111;0,733788889;0,37624;0,00034;0,20652;32;32;32;32;32;;
^.{15}\x00\x01\x86\xA0.{4}\x00\x00\x00\x03\x00\x01\x86\xA4;0,00185;0,82929;145,26062;76,68838;108,48875;13;215;215;215;15;1590;1559;1590;2;2;2;;;0;10;36;0,976744444;0,593377778;0,37624;0,0002;0,15356;32;32;32;32;32;;
^.{15}\x00\x01\x86\xA0.{4}\x00\x00\x00\x03\x00\x01\x86\xA5;0,00212;1,25124;188,47166;107,06238;127,33063;13;215;215;215;15;1590;1559;1590;2;2;2;;;0;10;35,55555556;1,255055556;0,666311111;0,37624;0,0002;0,11877;32;32;32;32;32;;
^.{15}\x00\x01\x86\xA0.{4}\x00\x00\x00\x03\x00\x01\x86\xA8;0,00235;2,60313;216,98441;113,38921;157,70533;13;215;215;215;15;1590;1559;1590;2;2;2;;;0;10;34,55555556;0,478611111;0,3023;0,37624;0,0002;0,15208;32;32;32;32;32;;
^.{15}\x00\x01\x86\xA0.{4}\x00\x00\x00\x03\x00\x01\x86\xA9;0,00225;0,92361;158,91464;88,76418;98,34172;13;215;215;215;15;1590;1559;1590;2;2;2;;;0;10;34,44444444;1,949044444;0,559788889;0,37624;0,00055;0,39882;32;32;32;32;32;;
^.{15}\x00\x01\x86\xA0.{4}\x00\x00\x00\x03\x00\x01\x86\xAB;0,00194;0,83189;143,72075;77,89913;109,57288;13;215;215;215;15;1590;1559;1590;2;2;2;;;0;10;35,66666667;0,5672;0,302944444;0,37624;0,00056;0,38734;32;32;32;32;32;;
^.{15}\x00\x01\x86\xA0.{4}\x00\x00\x00\x03\x00\x01\x86\xAF;0,00264;0,92965;143,8748;73,25763;106,9527;13;215;215;215;15;1590;1559;1590;2;2;2;;;0;10;35,33333333;1,404766667;0,688922222;0,37624;0,00034;0,2449;32;32;32;32;32;;
^.{15}\x00\x01\x86\xA0.{4}\x00\x00\x00\x03\x00\x01\x86\xB1;0,0017;0,76816;149,58406;76,0628;103,35872;13;215;215;215;15;1590;1559;1590;2;2;2;;;0;10;38,44444444;0,869288889;0,522633333;0,37624;0,00038;0,22541;32;32;32;32;32;;
^.{15}\x00\x01\x86\xA0.{4}\x00\x00\x00\x03\x00\x01\x86\xB5;0,00562;0,94721;141,70905;73,67852;107,43208;13;215;215;215;15;1590;1559;1590;2;2;2;;;0;10;35,11111111;0,816177778;0,499755556;0,37624;0,0002;0,13187;32;32;32;32;32;;
^.{15}\x00\x01\x86\xA0.{4}\x00\x00\x00\x03\x00\x01\x86\xB8;0,00213;1,18802;188,37346;85,90028;134,29567;13;215;215;215;15;1590;1559;1590;2;2;2;;;0;10;35,44444444;0,5888;0,327966667;0,37624;0,00037;0,223;32;32;32;32;32;;
^.{15}\x00\x01\x86\xA0.{4}\x00\x00\x00\x03\x00\x01\x86\xBA;0,00255;1,48525;218,32959;116,88392;162,35554;13;215;215;215;15;1590;1559;1590;2;2;2;;;0;10;36,77777778;0,958888889;0,565855556;0,37624;0,0002;0,19491;32;32;32;32;32;;
^.{15}\x00\x01\x86\xA0.{4}\x00\x00\x00\x03\x00\x01\x86\xBC;0,00202;1,0415;149,85345;78,20979;110,34632;13;215;215;215;15;1590;1559;1590;2;2;2;;;0;10;35,55555556;1,896088889;0,601611111;0,37624;0,00057;0,225;32;32;32;32;32;;
^.{15}\x00\x01\x86\xA0.{4}\x00\x00\x00\x03\x00\x01\x86\xE4;0,00408;1,38306;141,46301;72,64622;104,82063;13;215;215;215;15;1590;1559;1590;2;2;2;;;0;10;36,66666667;0,569377778;0,344933333;0,37624;0,00041;0,20894;32;32;32;32;32;;
^.{15}\x00\x01\x86\xA0.{4}\x00\x00\x00\x03\x00\x01\x86\xF3;0,00343;0,97044;143,13794;76,25339;107,2403;13;215;215;215;15;1590;1559;1590;2;2;2;;;0;10;36,55555556;1,004288889;1,117777778;0,37624;0,0002;0,17074;32;32;32;32;32;;
^.{15}\x00\x01\x86\xA0.{4}\x00\x00\x00\x03\x00\x01\x86\xF7;0,00161;0,81131;150,08696;79,84221;106,0171;13;215;215;215;15;1590;1559;1590;2;2;2;;;0;10;36,22222222;0,994777778;0,717911111;0,37624;0,00037;0,15726;32;32;32;32;32;;
^.{15}\x00\x01\x86\xA0.{4}\x00\x00\x00\x03\x00\x01\x87\};0,00549;0,9278;162,29103;74,3768;113,35454;13;207;207;207;15;1555;1525;1555;2;2;2;;;0;10;35;0,6535;0,368244444;0,37624;0,00045;0,17148;32;32;32;32;32;;
^.{15}\x00\x01\x86\xA0.{4}\x00\x00\x00\x03\x00\x01\x87\x03;0,00198;1,16903;167,85968;78,10672;130,9569;13;207;207;207;15;1555;1525;1555;2;2;2;;;0;10;37;0,976088889;0,567733333;0,37624;0,00037;0,22648;32;32;32;32;32;;
^.{15}\x00\x01\x86\xA0.{4}\x00\x00\x00\x03\x00\x01\x87\x7D;0,00246;1,33597;244,13129;124,44554;174,26436;13;207;207;207;15;1555;1525;1555;2;2;2;;;0;10;35,22222222;1,103477778;0,641277778;0,37624;0,00032;0,21119;32;32;32;32;32;;
^.{15}\x00\x01\x86\xA0.{4}\x00\x00\x00\x03\x00\x01\x87\x88;0,00174;1,05318;161,15154;75,5033;122,78374;13;207;207;207;15;1555;1525;1555;2;2;2;;;0;10;38,66666667;0,981833333;0,586322222;0,37624;0,00032;0,19457;32;32;32;32;32;;
^.{15}\x00\x01\x86\xA0.{4}\x00\x00\x00\x03\x00\x01\x87\x8B;0,00198;1,02311;157,53939;81,66452;124,7041;13;207;207;207;15;1555;1525;1555;2;2;2;;;0;10;34,55555556;1,0129;0,575622222;0,37624;0,00034;0,16818;32;32;32;32;32;;
^.{15}\x00\x01\x86\xA0.{4}\x00\x00\x00\x03\x00\x01\x87\x99;0,00171;1,58145;168,10949;77,83261;118,89911;13;207;207;207;15;1555;1525;1555;2;2;2;;;0;10;37;1,215522222;0,555166667;0,37624;0,00028;0,17568;32;32;32;32;32;;
^.{15}\x00\x01\x86\xA0.{4}\x00\x00\x00\x03\x00\x01\x87\xcc;0,00223;1,25436;160,61497;76,41066;114,25158;13;207;207;207;15;1555;1525;1555;2;2;2;;;0;10;36,55555556;1,182455556;0,788166667;0,37624;0,00042;0,21561;32;32;32;32;32;;
^.{15}\x00\x01\x86\xA0.{4}\x00\x00\x00\x03\x00\x01\x87\xCC;0,00179;0,95037;166,27017;74,22234;117,22485;13;207;207;207;15;1555;1525;1555;2;2;2;;;0;10;34,77777778;0,5917;0,324644444;0,37624;0,00028;0,16191;32;32;32;32;32;;
^.{15}\x00\x01\x86\xA0.{4}\x00\x00\x00\x03\x00\x02I\xF1;0,00237;2,64667;238,65846;119,20589;195,51284;13;199;199;199;15;1517;1485;1517;2;2;2;;;0;10;37;1,217477778;0,700722222;0,37624;0,00032;0,22528;32;32;32;32;32;;
^.{15}\x00\x01\x86\xA0.{4}\x00\x00\x00\x03\x00\x02\x49\xf1;0,00211;1,47935;232,3502;94,63112;156,44457;13;199;199;199;15;1517;1485;1517;2;2;2;;;0;10;33,66666667;1,238788889;0,606333333;0,37624;0,00033;0,2185;32;32;32;32;32;;
^.{15}\x00\x01\x86\xA0.{4}\x00\x00\x00\x03\x00\x03\x0Dp;0,0017;0,99762;163,72431;70,32466;116,89139;13;199;199;199;15;1517;1485;1517;2;2;2;;;0;10;36,22222222;0,999822222;0,575544444;0,37624;0,00065;0,23167;32;32;32;32;32;;
^.{15}\x00\x01\x86\xA0.{4}\x00\x00\x00\x03\x00\x03\x0D\x70;0,00179;0,96965;159,68253;83,28906;114,97765;13;199;199;199;15;1517;1485;1517;2;2;2;;;0;10;36,44444444;1,961333333;0,592244444;0,37624;0,00024;0,15486;32;32;32;32;32;;
^.{15}\x00\x01\x86\xA0.{4}\x00\x00\x00\x03\x00\x05\xF7h;0,00214;2,02828;177,71454;66,60149;130,57418;13;199;199;199;15;1517;1485;1517;2;2;2;;;0;10;34,66666667;2,499177778;1,686611111;0,37624;0,00033;0,19794;32;32;32;32;32;;
^.{15}\x00\x01\x86\xA0.{4}\x00\x00\x00\x03\x00\x05\xF7u;0,00213;1,11688;181,10218;84,19284;123,81531;13;199;199;199;15;1517;1485;1517;2;2;2;;;0;10;36,66666667;1,239811111;0,590055556;0,37624;0,00033;0,15138;32;32;32;32;32;;
^.{15}\x00\x01\x86\xA0.{4}\x00\x00\x00\x03\x00\x05\xF7\x68;0,00231;1,63415;203,75203;92,55712;171,99809;13;199;199;199;15;1517;1485;1517;2;2;2;;;0;10;36,22222222;1,074966667;0,575011111;0,37624;0,00024;0,21893;32;32;32;32;32;;
^.{15}\x00\x01\x86\xA0.{4}\x00\x00\x00\x03\x00\x05\xF7\x75;0,00245;2,59662;254,27793;108,9165;199,21604;13;199;199;199;15;1517;1485;1517;2;2;2;;;0;10;34,88888889;1,038422222;0,530811111;0,37624;0,00032;0,25085;32;32;32;32;32;;
^.{15}\x00\x01\x86\xA0.{4}\x00\x00\x00\x04;0,00188;0,46741;72,44259;47,00635;63,17876;9;143;143;143;11;1020;996;1020;2;2;2;;;0;10;34,77777778;0,458955556;0,293122222;0,37624;0,00028;0,19453;28;28;28;28;28;;
^.{15}\x00\x01\x86\xA0.{4}\x00\x00\x00\x05;0,00203;0,49042;75,60444;44,92962;62,8648;9;143;143;143;11;1020;996;1020;2;2;2;;;0;10;32,22222222;0,681588889;0,472511111;0,37624;0,00033;0,243;28;28;28;28;28;;
^.{15}\x00\x01\x86\xA0\x00.{3}\x00\x00\x00\x05;0,00225;0,54058;87,17378;42,43153;61,78981;10;151;151;151;12;1066;1057;1066;2;2;2;;;0;10;31,11111111;0,905788889;0,589577778;0,37624;0,00032;0,21487;28;28;28;28;28;;
^.{15}\x00\x01\x86\xA4.{4}\x00\x00\x00\x0B;0,00189;0,5216;77,67109;48,27364;66,13651;9;143;143;143;11;1020;996;1020;2;2;2;;;0;10;32;1,172633333;0,580355556;0,37624;0,0002;0,12228;28;28;28;28;28;;
^.{15}\x00\x01\x86\xA5.{4}\x00\x00\x00\x01;0,00169;0,39065;63,00891;42,59971;56,39747;9;143;143;143;11;984;968;984;2;2;2;;;0;10;32,88888889;1,436944444;0,639811111;0,37624;0,0002;0,14867;28;28;28;28;28;;
^.{15}\x00\x01\x86\xA5.{4}\x00\x00\x00\x02;0,00194;0,48485;75,18205;54,36322;71,28671;9;143;143;143;11;1020;996;1020;2;2;2;;;0;10;32,44444444;1,139155556;0,603977778;0,37624;0,00012;0,2283;28;28;28;28;28;;
^.{15}\x00\x01\x86\xA5.{4}\x00\x00\x00\x03;0,00199;0,52381;74,14859;40,50884;65,14536;9;143;143;143;11;1020;996;1020;2;2;2;;;0;10;32,44444444;1,014077778;0,602166667;0,37624;0,00028;0,15124;28;28;28;28;28;;
^.{15}\x00\x01\x86\xA5.{4}\x00\x00\x00\x04;0,00194;0,63289;78,55026;41,00797;61,76635;9;143;143;143;11;1020;996;1020;2;2;2;;;0;10;32,44444444;0,910966667;0,619044444;0,37624;0,00046;0,17647;28;28;28;28;28;;
^.{15}\x00\x01\x86\xA5.{4}\x00\x00\x00\x05;0,00355;0,49927;84,98992;42,3068;60,21308;9;143;143;143;11;1020;996;1020;2;2;2;;;0;10;32,44444444;0,972444444;0,609077778;0,37624;0,00024;0,22001;28;28;28;28;28;;
^.{15}\x00\x01\x86\xA5.{4}\x00\x00\x00\x06;0,00208;0,60941;99,24323;67,5952;83,5212;9;143;143;143;11;1020;996;1020;2;2;2;;;0;10;29,11111111;0,895066667;0,578522222;0,37624;0,0002;0,17504;28;28;28;28;28;;
^.{15}\x00\x01\x86\xA5\x00.{3}\x00\x00\x00\x01;0,00259;0,9437;115,33113;67,80707;88,45616;10;151;151;151;12;1030;1021;1030;2;2;2;;;0;10;32,33333333;0,586211111;0,420255556;0,37624;0,00032;0,21329;28;28;28;28;28;;
^.{15}\x00\x01\x86\xA9.{4}\x00\x00\x00\x01;0,00246;0,59;80,48473;70,31727;68,45985;9;143;143;143;11;984;968;984;2;2;2;;;0;10;32,77777778;0,817922222;0,564244444;0,37624;0,00057;0,16115;28;28;28;28;28;;
^.{15}\x00\x01\x86\xAB.{4}\x00\x00\x00\x01;0,0018;0,4313;72,16558;51,35965;52,40231;9;143;143;143;11;984;968;984;2;2;2;;;0;10;31;0,772522222;0,563866667;0,37624;0,00041;0,24773;28;28;28;28;28;;
^.{15}\x00\x01\x86\xB8.{4}\x00\x00\x00\x01;0,00198;1,06878;60,55476;46,17163;54,83622;9;143;143;143;11;984;968;984;2;2;2;;;0;10;31,22222222;0,792688889;0,562244444;0,37624;0,00043;0,22955;28;28;28;28;28;;
^.{15}\x00\x01\x86\xB8.{4}\x00\x00\x00\x02;0,0018;0,87107;69,43328;52,62634;67,13478;9;143;143;143;11;1020;996;1020;2;2;2;;;0;10;31,88888889;0,926522222;0,671288889;0,37624;0,00016;0,1428;28;28;28;28;28;;
^.{15}\x00\x01\x86\xB8.{4}\x00\x00\x00\x02.{0,251}%x %x;0,00179;8,752;738,60181;294,5165;463,34089;14;367;359;359;17;4703;4516;4551;3;3;3;;;0;0;42,44444444;3,055444444;1,6682;0,37624;59,14434;28,68021;285;2518;1281;7709;3275;;
^.{15}\x00\x01\x86\xBC.{4}\x00\x00\x00\x01.{4}.*\|;0,00199;1,32416;719,0003;566,97152;508,64722;11;431;431;431;16;5838;5823;5838;3;3;3;;;0;0;40,22222222;2,285577778;3,874511111;0,37624;0,59131;0,15433;34;34;33;36;34;;
^.{15}\x00\x01\x86\xBC.{4}\x00\x00\x00\x01.{4}.*\x7C;0,00226;1,30063;766,66208;588,84263;542,28981;11;431;431;431;16;5838;5823;5838;3;3;3;;;0;0;42,66666667;1,515277778;1,958488889;0,37624;0,2361;0,12617;34;34;33;36;34;;
^.{15}\x00\x01\x86\xE4.{4}\x00\x00\x00\x06;0,0016;1,04827;74,61939;46,42854;75,38889;9;143;143;143;11;1020;996;1020;2;2;2;;;0;10;30,33333333;0,437922222;0,795222222;0,37624;0,0004;0,27277;28;28;28;28;28;;
^.{15}\x00\x01\x86\xE4.{4}\x00\x00\x00\x15;0,0022;0,41934;73,04932;40,22384;74,78518;9;143;143;143;11;1020;996;1020;2;2;2;;;0;10;29,33333333;0,858566667;0,578866667;0,37624;0,00164;1,543;28;28;28;28;28;;
^.{15}\x00\x01\x86\xF3.{4}\x00\x00\x00\x07;0,00193;0,52458;70,62756;44,34508;63,76619;9;143;143;143;11;1020;996;1020;2;2;2;;;0;10;32,66666667;1,907844444;0,596855556;0,37624;0,0004;0,18525;28;28;28;28;28;;
^.{15}\x00\x01\x87\}.*.*\/\.\.\/;0,00174;0,668;13,03625;8,57038;8,80056;10;37;37;37;14;165;165;165;1;1;1;;;0;0;33,11111111;3,859222222;0,677133333;0,37624;0,31152;0,17853;26;29;24;46;30;;
^.{15}\x00\x01\x87\x7D.*.{0}.*\/\.\.\/;0,00207;1,51262;13,24366;6,35098;20,26642;10;37;37;37;14;165;165;165;1;1;1;;;0;0;34,77777778;0,554955556;1,883277778;0,37624;0,3072;0,16216;26;29;24;46;30;;
^.{15}\x00\x01\x87\x88.{4}\x00\x00\x00\x00;0,0016;0,35824;64,84208;38,44766;52,95983;9;143;143;143;11;956;934;956;2;2;2;;;0;10;32,11111111;0,8554;0,737366667;0,37624;0,00039;0,16617;28;28;28;28;28;;
^.{15}\x00\x01\x87\x88.{4}\x00\x00\x00\x01;0,00169;1,07867;58,01169;44,48248;54,18211;9;143;143;143;11;984;968;984;2;2;2;;;0;10;31,55555556;0,955855556;0,761633333;0,37624;0,00033;0,28573;28;28;28;28;28;;
^.{15}\x00\x01\x87\x88.{4}\x00\x00\x00\x01\x00\x00\x00\x01\x00\x00\x00\x00;0,00189;5,91004;599,5104;353,89916;378,65008;17;863;863;863;19;6266;6202;6266;2;2;2;;;0;10;40,11111111;1,050422222;0,605033333;0,37624;0,00033;0,2333;36;36;36;36;36;;
^.{15}\x00\x01\x87\x99.{4}\x00\x00\x01\x01;0,00202;1,25465;35,32447;31,9453;32,1952;9;95;95;95;11;656;641;656;2;2;2;;;0;10;31;1,250188889;0,903966667;0,37624;0,00036;0,2115;28;28;28;28;28;;
^.{15}\x00\x03\x0Dp.{4}\x00\x00\x00\x01;0,00165;0,86963;76,07338;50,45051;61,57762;9;143;143;143;11;1020;996;1020;2;2;2;;;0;10;30,55555556;1,799144444;0,768422222;0,37624;0,00033;0,16673;28;28;28;28;28;;
^.{15}\x00\x03\x0D\x70.{4}\x00\x00\x00\x01;0,00176;0,66805;81,87507;42,38218;66,4064;9;143;143;143;11;1020;996;1020;2;2;2;;;0;10;33;1,096288889;0,755155556;0,37624;0,00024;0,22924;28;28;28;28;28;;
^.{15}\x00\x04\x93\xF3.{4}\x00\x00\x00\x07;0,00244;0,49016;82,02524;47,46878;64,07494;9;143;143;143;11;1020;996;1020;2;2;2;;;0;10;31,44444444;1,464755556;0,576044444;0,37624;0,00045;0,22337;28;28;28;28;28;;
^.{15}\x00\x04\x93\xF3.{4}\x00\x00\x00\x08;0,00169;0,82853;74,12684;44,52724;111,50487;9;143;143;143;11;1020;996;1020;2;2;2;;;0;10;31,55555556;0,943844444;0,592711111;0,37624;0,00037;0,33654;28;28;28;28;28;;
^.{15}\x00\x04\x93\xF3.{4}\x00\x00\x00\x09;0,00184;0,49683;72,11897;43,49571;65,53862;9;143;143;143;11;1020;996;1020;2;2;2;;;0;10;32,66666667;0,819844444;0,560777778;0,37624;0,00046;0,16907;28;28;28;28;28;;
^.{15}\x00\x05\xF7h.{4}\x00\x00\x00\x0D;0,00241;0,54096;76,42116;40,32877;63,88003;9;143;143;143;11;1020;996;1020;2;2;2;;;0;10;32;0,854577778;0,835244444;0,37624;0,0002;0,15646;28;28;28;28;28;;
^.{15}\x00\x05\xF7\x68.{4}\x00\x00\x00\x0D;0,0018;0,46538;76,40739;39,57536;60,03815;9;143;143;143;11;1020;996;1020;2;2;2;;;0;10;33,55555556;0,792533333;0,5166;0,37624;0,00012;0,17601;28;28;28;28;28;;
^.{15}\x05;0,00115;0,04575;0,24192;0,29157;0,32167;2;3;3;3;3;6;6;6;1;1;1;;;0;0;20,22222222;0,318933333;0,343522222;0,37624;0,00036;0,11216;17;17;17;17;17;;
^.{15}\x07;0,00175;0,06125;0,34362;0,40919;0,40232;2;3;3;3;3;6;6;6;1;1;1;;;0;0;22,33333333;0,409344444;0,488988889;0,37624;0,00025;0,19572;17;17;17;17;17;;
^.{15}\x08;0,00146;0,04908;0,2611;0,28906;0,30972;2;3;3;3;3;6;6;6;1;1;1;;;0;0;20,11111111;2,665177778;0,362966667;0,37624;0,00037;0,1122;17;17;17;17;17;;
^.{15}\x0B;0,00165;0,05047;0,29464;1,12268;0,3386;2;3;3;3;3;6;6;6;1;1;1;;;0;0;23,11111111;0,332933333;0,371011111;0,37624;0,00024;0,13586;17;17;17;17;17;;
^.{16}\x10\x05.{13}\x00\x00\x00\x01\x01\x00\x00\x18;0,00188;1,31077;69,52048;42,36322;48,23423;11;135;135;135;13;922;888;922;2;2;2;;;0;10;44,55555556;1,361422222;0,654122222;0,37624;0,00032;0,22215;40;40;40;40;40;;
^.{199}\xFF\xF6\xFF\xF6\xFF\xFB\x08\xFF\xF6;0,0017;0,5524;10,43953;6,14078;11,35428;10;59;59;59;11;211;211;211;1;1;1;;;0;0;215,1111111;8,581255556;6,866777778;0,37624;0,00012;0,82974;209;209;209;209;209;;
^200 [^\x0a]{64};0,00151;0,14045;1,43561;0,46404;0,88072;6;7;7;7;7;10;10;10;1;1;1;;;0;0;73,88888889;5,597244444;2,210611111;0,37624;0,0002;0,29409;69;69;69;69;69;;
^.{24}.{0,17}NAMENAME;0,00208;1,05316;51,66845;31,22402;37,11923;10;87;83;83;13;491;437;458;2;2;2;;;0;0;41,22222222;4,287688889;1,4621;0,37624;1,98053;1,77219;51;225;147;591;339;;
^.{24}.{0,17}\x4e\x41\x4d\x45\x4e\x41\x4d\x45;0,00259;2,07143;58,54202;41,28101;48,85528;10;87;83;83;13;491;437;458;2;2;2;;;0;0;42,77777778;1,756322222;1,9067;0,37624;2,00094;1,68295;51;225;147;591;339;;
^.{27}\x07;0,00217;0,12903;0,72907;2,7426;0,87803;2;3;3;3;3;6;6;6;1;1;1;;;0;0;33,77777778;0,478977778;0,545433333;0,37624;0,00034;0,13951;29;29;29;29;29;;
^.{27}\x0B\x00\x0C\x00\x00\x00\x01\x01\x00`\x02;0,00231;0,79153;10,34473;5,63881;18,51575;12;43;43;43;13;145;145;145;1;1;1;;;0;0;42,11111111;0,914177778;0,630655556;0,37624;0,00016;0,23625;39;39;39;39;39;;
^.{27}\x0C;0,00169;0,06316;0,3564;0,43954;0,46222;2;3;3;3;3;6;6;6;1;1;1;;;0;0;33,44444444;1,691522222;0,563211111;0,37624;0,00029;0,19639;29;29;29;29;29;;
^.{287}\x00;0,00246;0,08976;0,54587;0,55589;0,74777;2;3;3;3;3;6;6;6;1;1;1;;;0;0;294;4,623822222;5,750677778;0,37624;0,00047;2,19808;289;289;289;289;289;;
^.{29}6[iI][sS][sS] [eE][cC][nN][rR][aA] [bB][uU][iI][lL][tT]-[iI][nN] [pP][rR][oO][vV][iI][dD][eE][rR], [sS][tT][rR][oO][nN][gG] [eE][nN][cC][rR][yY][pP][tT][iI][oO][nN];0,0025;85,76145;212,29825;32,56153;170,35288;48;187;187;187;49;649;648;649;1;1;1;;;0;0;82,22222222;2,675277778;3,7249;0,37624;0,00028;0,46889;77;77;77;77;77;;
^.{29}\x00\x04;0,0015;0,07165;0,73326;0,741;1,70524;3;7;7;7;4;19;19;19;1;1;1;;;0;0;33,77777778;0,583;0,607888889;0,37624;0,00197;0,1568;32;32;32;32;32;;
^.{29}\x00\x0C\x00\x00\x00\x01\x01\x00\x06\x02;0,00208;1,45236;12,25063;5,9246;10,13088;11;55;55;55;12;199;199;199;1;1;1;;;0;0;44,33333333;3,6898;0,937988889;0,37624;0,00024;0,19635;40;40;40;40;40;;
^.{31}.*[rR]\x00[aA]\x00[iI]\x00[sS]\x00[eE]\x00[rR]\x00[rR]\x00[oO]\x00[rR]\x00;0,00208;4,51477;26,67354;15,27831;29,45208;20;73;73;73;23;317;317;317;1;1;1;;;0;10;58,66666667;1,972377778;0,584866667;0,37624;0,65862;0,42299;51;68;50;154;84;;
^.{31}[sS]\x00[pP]\x00_\x00[aA]\x00[dD]\x00[dD]\x00[uU]\x00[sS]\x00[eE]\x00[rR]\x00;0,00189;3,64245;24,52366;8,08908;26,09777;21;87;87;87;22;303;303;303;1;1;1;;;0;0;54,22222222;1,325977778;1,056488889;0,37624;0,0002;0,17602;52;52;52;52;52;;
^.{31}[sS]\x00[pP]\x00_\x00[sS]\x00[tT]\x00[aA]\x00[rR]\x00[tT]\x00_\x00[jJ]\x00[oO]\x00[bB]\x00;0,0018;6,31615;32,8125;12,08074;35,32781;25;103;103;103;26;359;359;359;1;1;1;;;0;0;60;1,931322222;1,506633333;0,37624;0,00016;0,25697;56;56;56;56;56;;
^.{31}.*[xX]\x00[pP]\x00_\x00[cC]\x00[mM]\x00[dD]\x00[sS]\x00[hH]\x00[eE]\x00[lL]\x00[lL]\x00;0,0025;5,71901;53,73463;19,76778;51,44668;24;89;89;89;27;392;392;392;1;1;1;;;0;10;66,33333333;1,7428;0,391888889;0,37624;0,63862;0,50449;55;76;54;183;97;;
^.{31}.*[xX]\x00[pP]\x00_\x00[dD]\x00[iI]\x00[sS]\x00[pP]\x00[lL]\x00[aA]\x00[yY]\x00[pP]\x00[aA]\x00[rR]\x00[aA]\x00[mM]\x00[sS]\x00[tT]\x00[mM]\x00[tT]\x00;0,00238;35,11654;107,6898;34,57715;100,64631;40;153;153;153;43;680;678;680;1;1;1;;;0;10;74;2,418988889;0,560766667;0,37624;1,36393;0,65205;71;108;70;295;145;;
^.{31}.*[xX]\x00[pP]\x00_\x00[eE]\x00[nN]\x00[uU]\x00[mM]\x00[rR]\x00[eE]\x00[sS]\x00[uU]\x00[lL]\x00[tT]\x00[sS]\x00[eE]\x00[tT]\x00;0,00217;17,2707;92,1463;28,18166;70,69492;34;129;129;129;37;572;570;572;1;1;1;;;0;10;74,77777778;3,083488889;0,769577778;0,37624;0,89565;0,62224;65;96;64;253;127;;
^.{31}.*[xX]\x00[pP]\x00_\x00[pP]\x00[eE]\x00[eE]\x00[kK]\x00[qQ]\x00[uU]\x00[eE]\x00[uU]\x00[eE]\x00;0,00203;7,75278;41,85656;21,16687;42,91391;26;97;97;97;29;428;428;428;1;1;1;;;0;10;62,11111111;3,799344444;0,746355556;0,37624;1,02254;0,71974;57;80;56;197;103;;
^.{31}.*[xX]\x00[pP]\x00_\x00[pP]\x00[rR]\x00[iI]\x00[nN]\x00[tT]\x00[sS]\x00[tT]\x00[aA]\x00[tT]\x00[eE]\x00[mM]\x00[eE]\x00[nN]\x00[tT]\x00[sS]\x00;0,00223;19,83229;92,12089;31,99927;95,29271;38;145;145;145;41;644;642;644;1;1;1;;;0;10;74;3,389688889;0,760611111;0,37624;1,28613;0,61258;69;104;68;281;139;;
^.{31}.*[xX]\x00[pP]\x00_\x00[pP]\x00[rR]\x00[oO]\x00[xX]\x00[iI]\x00[eE]\x00[dD]\x00[mM]\x00[eE]\x00[tT]\x00[aA]\x00[dD]\x00[aA]\x00[tT]\x00[aA]\x00;0,00208;18,24223;87,59065;32,50774;95,5138;38;145;145;145;41;644;642;644;1;1;1;;;0;10;79,11111111;2,151311111;0,543177778;0,37624;1,90828;0,92039;69;104;68;281;139;;
^.{31}[xX]\x00[pP]\x00_\x00[rR]\x00[eE]\x00[gG]\x00;0,00194;1,45874;15,91086;3,83563;13,80816;13;47;47;47;14;159;159;159;1;1;1;;;0;0;50,22222222;1,981966667;0,870544444;0,37624;0,00032;0,25503;44;44;44;44;44;;
^.{31}.*[xX]\x00[pP]\x00_\x00[sS]\x00[eE]\x00[tT]\x00[sS]\x00[qQ]\x00[lL]\x00[sS]\x00[eE]\x00[cC]\x00[uU]\x00[rR]\x00[iI]\x00[tT]\x00[yY]\x00;0,00217;22,59252;115,52337;41,81929;113,64373;36;137;137;137;39;608;606;608;1;1;1;;;0;10;73,22222222;8,126955556;3,864066667;0,37624;1,13947;0,68322;67;100;66;267;133;;
^.{31}.*[xX]\x00[pP]\x00_\x00[sS]\x00[hH]\x00[oO]\x00[wW]\x00[cC]\x00[oO]\x00[lL]\x00[vV]\x00;0,00256;10,69527;83,64949;28,72532;73,8083;24;89;89;89;27;392;392;392;1;1;1;;;0;10;63,44444444;2,773088889;0,8918;0,37624;0,72957;0,47798;55;76;54;183;97;;
^.{31}.*[xX]\x00[pP]\x00_\x00[sS]\x00[pP]\x00[rR]\x00[iI]\x00[nN]\x00[tT]\x00[fF]\x00;0,00241;9,26058;63,66498;27,02222;65,47795;22;81;81;81;25;356;356;356;1;1;1;;;0;10;61,22222222;4,334444444;0,737588889;0,37624;0,65277;0,47677;53;72;52;169;91;;
^.{31}.*[xX]\x00[pP]\x00_\x00[uU]\x00[pP]\x00[dD]\x00[aA]\x00[tT]\x00[eE]\x00[cC]\x00[oO]\x00[lL]\x00[vV]\x00[bB]\x00[mM]\x00;0,00222;16,67454;161,87009;37,3062;122,42136;32;121;121;121;35;536;534;536;1;1;1;;;0;10;70,66666667;3,247544444;0,607422222;0,37624;0,92193;0,73769;63;92;62;239;121;;
^.{3}\x00\x00\x00\x00;0,0014;0,08868;2,43526;6,09282;1,98254;5;31;31;31;6;90;90;90;1;1;1;;;0;10;12,55555556;0,112655556;0,089644444;0,37624;0,00036;0,08251;8;8;8;8;8;;
^.{3}.*\x02\x01\x00\x04\x82\x01\x00;0,00179;0,63068;8,96837;7,20723;9,62083;9;29;29;29;12;122;122;122;1;1;1;;;0;10;19,11111111;0,280066667;0,083055556;0,37624;0,19327;0,11097;12;18;11;50;24;;
^.{3}\xFFSMB%;0,00174;0,22732;5,06332;3,02446;3,62052;6;19;19;19;7;61;61;61;1;1;1;;;0;0;14,66666667;0,163277778;0,164588889;0,37624;0,00032;0,06858;9;9;9;9;9;;
^.{3}\xFFSMB2;0,00175;0,24524;5,25393;3,17552;4,62518;6;19;19;19;7;61;61;61;1;1;1;;;0;0;13,44444444;0,3669;0,326722222;0,37624;0,00033;0,07255;9;9;9;9;9;;
^.{3}\xFFSMB2.*.*[dD][oO][cC][uU][mM][eE][nN][tT][sS] [aA][nN][dD] [sS][eE][tT][tT][iI][nN][gG][sS]\x5C[aA][lL][lL] [uU][sS][eE][rR][sS]\x5C[sS][tT][aA][rR][tT] [mM][eE][nN][uU]\x5C[pP][rR][oO][gG][rR][aA][mM][sS]\x5C[sS][tT][aA][rR][tT][uU][pP]\x00;0,00297;134,72752;541,31467;68,81781;330,31249;68;271;271;271;72;1450;1447;1450;1;1;1;;;0;0;84,33333333;3,523377778;3,087477778;0,37624;2,03942;0,9364;72;132;70;435;191;;
^.{3}\xFFSMB2.*.*\x5C\x00[sS]\x00[tT]\x00[aA]\x00[rR]\x00[tT]\x00 \x00[mM]\x00[eE]\x00[nN]\x00[uU]\x00\x5C\x00[pP]\x00[rR]\x00[oO]\x00[gG]\x00[rR]\x00[aA]\x00[mM]\x00[sS]\x00\x5C\x00[sS]\x00[tT]\x00[aA]\x00[rR]\x00[tT]\x00[uU]\x00[pP];0,00265;123,60127;394,97284;86,15976;304,23964;62;247;247;247;66;1318;1315;1318;1;1;1;;;0;0;76;4,142344444;1,949922222;0,37624;2,83748;1,05909;66;120;64;393;173;;
^.{3}\xFFSMBu.{32}.*[aA][dD][mM][iI][nN]\x24\x00;0,00232;5,44291;229,10942;98,63908;190,22153;14;107;107;107;18;846;840;846;2;2;2;;;0;0;58,55555556;2,934211111;1,889122222;0,37624;1,11008;0,90918;49;55;48;87;61;;
^.{3}\xFFSMBu.{32}.*[aA]\x00[dD]\x00[mM]\x00[iI]\x00[nN]\x00\x24\x00\x00;0,00175;7,4445;219,63081;110,1947;199,81832;20;155;155;155;24;1242;1236;1242;2;2;2;;;0;0;63,88888889;4,383233333;2,1485;0,37624;0,92663;0,43431;55;67;54;129;79;;
^.{3}\xFFSMBu.{32}.*[cC]\x00\x24\x00\x00;0,00194;1,47179;100,63323;57,0686;94,48584;12;91;91;91;16;714;708;714;2;2;2;;;0;0;54,66666667;2,708811111;2,1582;0,37624;0,43478;0,23302;47;51;46;73;55;;
^.{3}\xFFSMBu.{32}.*[cC]\x24\x00;0,00222;2,44683;67,19341;52,35952;79,68481;10;75;75;75;14;582;576;582;2;2;2;;;0;0;52,66666667;2,3485;1,746922222;0,37624;0,29983;0,23069;45;47;44;59;49;;
^.{3}\xFFSMBu.{32}.*[dD]\x00\x24\x00\x00;0,00184;1,18339;81,29643;67,12855;90,16743;12;91;91;91;16;714;708;714;2;2;2;;;0;0;57,11111111;2,260388889;1,849611111;0,37624;0,44261;0,26861;47;51;46;73;55;;
^.{3}\xFFSMBu.{32}.*[dD]\x24\x00;0,0017;2,07323;67,45282;61,29871;76,72426;10;75;75;75;14;582;576;582;2;2;2;;;0;0;51,11111111;1,830866667;0,943377778;0,37624;0,45136;0,19198;45;47;44;59;49;;
^.{3}\xFFSMBu.{32}.*[iI][pP][cC]\x24\x00;0,00189;1,51953;110,57641;65,09171;112,08217;12;91;91;91;16;714;708;714;2;2;2;;;0;0;57,33333333;2,616244444;2,876255556;0,37624;0,39014;0,29583;47;51;46;73;55;;
^.{3}\xFFSMBu.{32}.*[iI]\x00[pP]\x00[cC]\x00\x24\x00\x00;0,00203;3,63973;225,94353;112,14356;225,68365;16;123;123;123;20;978;972;978;2;2;2;;;0;0;63,88888889;3,422488889;1,981966667;0,37624;0,54699;0,25514;51;59;50;101;67;;
^.{3}\xFFSMB\x25;0,00217;0,43135;8,79936;7,7533;6,70611;6;19;19;19;7;61;61;61;1;1;1;;;0;0;12,11111111;0,083;0,0946;0,37624;0,00037;0,09308;9;9;9;9;9;;
^.{3}\xffSMB\x32;0,00241;0,45656;6,85291;7,91653;9,42935;6;19;19;19;7;61;61;61;1;1;1;;;0;0;12,11111111;0,196811111;0,186677778;0,37624;0,00041;0,15806;9;9;9;9;9;;
^.{3}\xFFSMB\x32;0,00278;0,44842;7,1485;6,4048;8,16262;6;19;19;19;7;61;61;61;1;1;1;;;0;0;11,66666667;0,319933333;0,288177778;0,37624;0,00034;0,10375;9;9;9;9;9;;
^.{3}\xFFSMB\x75;0,00254;0,40126;7,67972;3,71732;9,74513;6;19;19;19;7;61;61;61;1;1;1;;;0;0;13,88888889;2,967855556;0,1403;0,37624;0,00046;0,11513;9;9;9;9;9;;
^.{3}\xFFSMB\xa2;0,00283;0,28365;4,39652;3,04639;9,48032;6;19;19;19;7;61;61;61;1;1;1;;;0;0;12,11111111;0,158122222;0,168944444;0,37624;0,00041;0,12121;9;9;9;9;9;;
^.{3}\xFFSMB\xA2;0,00236;0,84061;5,54983;5,5122;7,23996;6;19;19;19;7;61;61;61;1;1;1;;;0;0;15,22222222;0,580722222;0,768988889;0,37624;0,00025;0,06886;9;9;9;9;9;;
^.{3}\xFFSMB\xA2.{79}\x5C[wW][iI][nN][rR][eE][gG]\x00;0,00259;2,29712;174,50103;49,97059;164,69208;14;95;95;95;16;633;607;633;2;2;2;;;0;0;98,66666667;7,294855556;4,069366667;0,37624;0,00016;0,47035;96;96;96;96;96;;
^.{3}\xFFSMB\xA2.{79}\x5C\x00[wW]\x00[iI]\x00[nN]\x00[rR]\x00[eE]\x00[gG]\x00\x00\x00;0,00208;4,99402;284,33448;76,18021;204,16919;22;159;159;159;24;1081;1039;1081;2;2;2;;;0;0;105,6666667;6,444;4,104711111;0,37624;0,00028;0,48075;104;104;104;104;104;;
^.{3}\xFF[sS][mM][bB];0,00178;0,16103;2,60418;1,24526;2,87722;5;15;15;15;6;47;47;47;1;1;1;;;0;0;14,33333333;0,205833333;0,186722222;0,37624;0,00062;0,07776;8;8;8;8;8;;
^.{3}\xFF[sS][mM][bB]%.{56}&\x00.{4}\x5CPIPE\x5C\x00\x05\x00\x0B.{29}\x98\xD0\xFFk\x12\xA1\x106\x983F\xC3\xF8~4Z;0,0032;34,7199;;;;;;;;;;;;;;;1;The function has taken longer than the maximum time allowed.;;;;;;0,37624;0,00028;0,61618;126;126;126;126;126;;
^.{3}\xFF[sS][mM][bB]%.{56}&\x00.{4}\x5C\x00P\x00I\x00P\x00E\x00\x5C\x00\x05\x00\x0B.{29}\x98\xD0\xFFk\x12\xA1\x106\x983F\xC3\xF8~4Z;0,0018;50,1769;;;;;;;;;;;;;;;1;The function has taken longer than the maximum time allowed.;;;;;;0,37624;0,00016;0,64234;131;131;131;131;131;;
^.{3}\xFF[sS][mM][bB]%.{56}&\x00.{4}\x5C\x00P\x00I\x00P\x00E\x00\x5C\x00\x05\x00\x0B.{29}\xA0\x01\x00\x00\x00\x00\x00\x00\xC0\x00\x00\x00\x00\x00\x00F;0,0023;49,1184;;;;;;;;;;;;;;;1;The function has taken longer than the maximum time allowed.;;;;;;0,37624;0,00045;0,99451;131;131;131;131;131;;
^.{3}\xFF[sS][mM][bB]%.{56}&\x00.{5}\x5C[pP][iI][pP][eE]\x5C\x00\x05\x00\x0B.{29}\x01\xD0\x8C3D\x22\xF11\xAA\xAA\x90\x008\x00\x10\x03;0,0027;59,245;;;;;;;;;;;;;;;1;The function has taken longer than the maximum time allowed.;;;;;;0,37624;0,0005;1,0489;127;127;127;127;127;;
^.{3}\xFF[sS][mM][bB]%.{56}&\x00.{5}\x5C\x00[pP]\x00[iI]\x00[pP]\x00[eE]\x00\x5C\x00.{2}\x05.{1}\x0B.{21}\x00;0,0027;50,1246;;;;;;;;;;;;;;;1;The function has taken longer than the maximum time allowed.;;;;;;0,37624;0,00032;0,67429;111;111;111;111;111;;
^.{3}\xFF[sS][mM][bB]%.{56}&\x00.{5}\x5C\x00[pP]\x00[iI]\x00[pP]\x00[eE]\x00\x5C\x00\x00\x00\x05\x00\x00.{19}\x00\x18;0,0004;151,3785;;;;;;;;;;;;;;;1;The function has taken longer than the maximum time allowed.;;;;;;0,37624;0,00025;0,56098;110;110;110;110;110;;
^.{3}\xFF[sS][mM][bB]%.{56}&\x00.{5}\x5C\x00[pP]\x00[iI]\x00[pP]\x00[eE]\x00\x5C\x00\x00\x00\x05\x00\x00.{19}\x18\x00;0,0023;47,6218;;;;;;;;;;;;;;;1;The function has taken longer than the maximum time allowed.;;;;;;0,37624;0,00012;0,45355;110;110;110;110;110;;
^.{3}\xFF[sS][mM][bB]%.{56}&\x00.{5}\x5C\x00[pP]\x00[iI]\x00[pP]\x00[eE]\x00\x5C\x00\x04\x00;0,00124;18,3561;3246,48649;1223,38498;2131,88418;22;335;335;335;25;4251;4240;4251;3;3;3;;;;;;;;0,37624;0,00016;0,42839;86;86;86;86;86;;
^.{3}\xFF[sS][mM][bB]%.{56}&\x00.{5}\x5C\x00[pP]\x00[iI]\x00[pP]\x00[eE]\x00\x5C\x00\x05.{1}\x0B.{29}\xA0\x01\x00\x00\x00\x00\x00\x00\xC0\x00\x00\x00\x00\x00\x00F;0,0004;84,6038;;;;;;;;;;;;;;;1;The function has taken longer than the maximum time allowed.;;;;;;0,37624;0,00028;0,49509;132;132;132;132;132;;
^.{3}\xFF[sS][mM][bB]%.{56}&\x00.{5}\x5C\x00[pP]\x00[iI]\x00[pP]\x00[eE]\x00\x5C\x00\x05.{1}\x0B.{29}\xB8J\x9FM\x1C\}\xCF\x11\x86\x1E\x00 \xAFn\x7CW;0;72,6718;;;;;;;;;;;;;;;1;The function has taken longer than the maximum time allowed.;;;;;;0,37624;0,00032;0,56448;132;132;132;132;132;;
^.{3}\xFF[sS][mM][bB]%.{56}&\x00.{5}\x5C\x00P\x00I\x00P\x00E\x00\x5C\x00\x00\x00\x05\x00\x0B.{29}xV4\x124\x12\xCD\xAB\xEF\x00\x01\x23Eg\x89\xAB;0,0004;119,3583;;;;;;;;;;;;;;;1;The function has taken longer than the maximum time allowed.;;;;;;0,37624;0,00016;0,63549;134;134;134;134;134;;
^.{3}\xFF[sS][mM][bB].{59}.*\x05.{1}\x00.{19}\x09\x00;0,00227;8,33308;1418,72403;1063,84233;1129,11782;11;175;175;175;16;2211;2211;2211;3;3;3;;;0;0;97,33333333;39,27597778;25,53974444;0,37624;4246,2818;4067,05835;92;134275;62276;446035;176904;1;The function has taken longer than the maximum time allowed.
^.{3}\xFF[sS][mM][bB][sS];0,0019;0,25336;7,55866;6,13443;7,01272;6;19;19;19;7;61;61;61;1;1;1;;;0;0;12,66666667;0,908011111;0,196455556;0,37624;0,00065;0,15503;9;9;9;9;9;;
^.{3}\xFF[sS][mM][bB][sS].{42}\x00\x00\x00\x00.{10}[^\x00]{255};0,00227;3,7274;1839,6524;1001,33348;1165,06502;12;271;271;271;16;4023;3998;4023;4;4;4;;;;;;;;0,37624;0,00069;3,77243;320;320;320;320;320;;
^.{3}\xFF[sS][mM][bB][sS].{56}.*\x00.{255}.*\x00\x00.*.*\x00\x00;0,00152;5,82571;579,84636;458,73275;422,34793;14;195;195;195;24;2040;2038;2040;3;3;3;;;0;0;345,1111111;54,43024444;47,19844444;0,37624;;;;;;;;1;The function has taken longer than the maximum time allowed.
^.{3}\xFF[sS][mM][bB]\x25.{56}\x26\x00.{5}\x5c\x00[pP]\x00[iI]\x00[pP]\x00[eE]\x00\x5c\x00.{0}\x05.{1}\x0b.{29}\xA0\x01\x00\x00\x00\x00\x00\x00\xC0\x00\x00\x00\x00\x00\x00\x46;0,0018;29,3405;;;;;;;;;;;;;;;1;The function has taken longer than the maximum time allowed.;;;;;;0,37624;0,0004;3,01475;132;132;132;132;132;;
^.{3}\xFF[sS][mM][bB]\x25.{56}\x26\x00.{5}\x5c\x00[pP]\x00[iI]\x00[pP]\x00[eE]\x00\x5c\x00.{0}\x05.{1}\x0b.{29}\xB8\x4A\x9F\x4D\x1C\x7D\xCF\x11\x86\x1E\x00\x20\xAF\x6E\x7C\x57;0,0032;85,8289;;;;;;;;;;;;;;;1;The function has taken longer than the maximum time allowed.;;;;;;0,37624;0,00041;0,95071;132;132;132;132;132;;
^.{3}\xFF[sS][mM][bB]\x25.{56}\x26\x00.{5}\x5c\x00[pP]\x00[iI]\x00[pP]\x00[eE]\x00\x5c\x00.{2}\x05.{1}\x0b.{21}\x00;0,0027;18,8122;;;;;;;;;;;;;;;1;The function has taken longer than the maximum time allowed.;;;;;;0,37624;0,00055;1,83751;111;111;111;111;111;;
^.{4}.{0,7}\x04\x01\x00;0,00188;0,31383;21,76338;18,22519;21,2991;5;23;23;23;8;117;110;117;2;2;2;;;0;0;13,77777778;1,175077778;0,465077778;0,37624;0,78178;1,53007;16;42;28;99;59;;
^.{4}.{0,8}\x04\x00;0,00194;0,67693;8,36862;11,15666;9,01404;4;15;15;15;7;69;64;69;2;2;2;;;0;0;15;0,322622222;0,89;0,37624;1,25145;1,40809;16;37;23;84;46;;
^.{42}\x00\x00\x00\x00;0,0018;0,12925;3,93855;6,19848;5,11876;5;31;31;31;6;90;90;90;1;1;1;;;0;10;50,88888889;2,010044444;1,614322222;0,37624;0,00064;1,25083;47;47;47;47;47;;
^.{4}\x01;0,0018;0,07398;1,62381;0,52741;2,03078;2;3;3;3;3;6;6;6;1;1;1;;;0;0;9,888888889;0,418333333;0,108644444;0,37624;0,00041;0,22515;6;6;6;6;6;;
^.{4}\x02;0,00146;0,0733;1,25456;1,49509;0,56326;2;3;3;3;3;6;6;6;1;1;1;;;0;0;11;0,089933333;0,099833333;0,37624;0,00052;0,1191;6;6;6;6;6;;
^.{4}\xe0\x00\x00\x00\x00\x00;0,00175;0,23569;4,88897;2,84162;9,20452;7;23;23;23;8;75;75;75;1;1;1;;;0;0;15,66666667;2,397333333;0,2048;0,37624;0,00047;0,1887;11;11;11;11;11;;
^.{4}\xE0\x00\x00\x00\x00\x00;0,00185;1,06322;5,62384;4,45905;7,35671;7;23;23;23;8;75;75;75;1;1;1;;;0;0;15,66666667;0,309344444;0,198455556;0,37624;0,00055;0,29185;11;11;11;11;11;;
^.{53}.*[aA][uU][tT][hH][eE][nN][tT][iI][cC][aA][tT][iI][oO][nN] [uU][nN][sS][uU][cC][cC][eE][sS][sS][fF][uU][lL];0,00226;35,42684;183,1848;62,62582;180,52143;29;109;109;109;32;482;482;482;1;1;1;;;0;10;87,22222222;27,01283333;11,12683333;0,37624;3,73632;1,09976;82;108;81;240;134;;
^.{59}\x00\x14;0,00195;0,10263;3,37849;1,60869;3,25487;3;7;7;7;4;19;19;19;1;1;1;;;0;0;65,66666667;2,296144444;5,068344444;0,37624;0,00042;0,83063;62;62;62;62;62;;
^.{5}\x00\x01;0,00185;0,10271;1,06145;2,00182;1,73754;3;7;7;7;4;19;19;19;1;1;1;;;0;0;11,88888889;0,290744444;0,569411111;0,37624;0,00036;0,13957;8;8;8;8;8;;
^.{62}`.{1}\x00\x00\x00b\x06\x83\x00\x00\x06\+\x06\x01\x05\x05\x02.*.*\x06\x0A\+\x06\x01\x04\x01\x827\x02\x02\x0A.*.*\xA3>0<\xA00;0,00305;79,9586;1137,12203;195,21513;705,05828;38;267;267;267;45;1589;1589;1589;1;1;1;;;;;;;;0,37624;1,54756;1,92447;102;106;98;138;112;;
^.{62}`.{1}\x06\x06\+\x06\x01\x05\x05\x02.*.*\x06\x0A\+\x06\x01\x04\x01\x827\x02\x02\x0A.*.*\xA1\x05\x23\x03\x03\x01\x07;0,00208;41,12858;510,11049;105,91461;333,37668;32;207;207;207;39;1233;1230;1233;1;1;1;;;0;0;115,5555556;8,460733333;13,94352222;0,37624;2,10268;1,06897;96;101;92;138;108;;
^.{6} \x04\x82\x01\x00;0,00189;0,27311;6,07501;5,83213;7,09056;6;19;19;19;7;61;61;61;1;1;1;;;0;0;15,66666667;0,227888889;0,237888889;0,37624;0,00047;0,18194;12;12;12;12;12;;
^.{7}\x00\x00\x00\x00;0,00165;0,11434;5,33996;3,96686;5,14817;5;31;31;31;6;90;90;90;1;1;1;;;0;10;17,66666667;0,175888889;0,318677778;0,37624;0,00033;0,20544;12;12;12;12;12;;
^.{7}\x00\x01;0,0019;1,00906;1,68826;1,24266;2,1945;3;7;7;7;4;19;19;19;1;1;1;;;0;0;14,11111111;0,179511111;0,183933333;0,37624;0,00042;0,14527;10;10;10;10;10;;
^.{7}\xFF\xFF\xFF\xFF\x00\x00;0,00199;0,65804;13,44488;16,53846;15,82133;7;67;67;67;8;243;243;243;1;1;1;;;0;10;18,88888889;0,218144444;0,169288889;0,37624;0,00041;0,261;14;14;14;14;14;;
^.{82}.*Login failed for user 'sa';0,00251;25,84726;170,72719;45,5737;170,15461;28;105;105;105;31;464;464;464;1;1;1;;;0;10;117,4444444;27,13324444;8,738177778;0,37624;3,70608;1,28697;110;135;109;262;160;;
^.{82}.*Login failed for user \x27sa\x27;0,00129;48,36229;310,28358;82,45806;304,69814;28;105;105;105;31;464;464;464;1;1;1;;;0;10;119,4444444;19,93991111;11,08817778;0,37624;2,40385;2,28274;110;135;109;262;160;;
^.{84}.*\\[wW][iI][nN][rR][eE][gG]\x00;0,00288;4,04291;60,95596;33,65369;70,95789;10;33;33;33;13;140;140;140;1;1;1;;;0;10;104,1111111;8,336277778;6,133177778;0,37624;2,72511;1,42992;94;101;93;138;108;;
^.{84}.*\\\x00[wW]\x00[iI]\x00[nN]\x00[rR]\x00[eE]\x00[gG]\x00;0,00217;4,50186;48,42146;25,74173;47,19987;16;57;57;57;19;248;248;248;1;1;1;;;0;10;109,3333333;56,10398889;2,903144444;0,37624;5,82137;1,04196;100;113;99;180;126;;
^.{84}.*\x5C[wW][iI][nN][rR][eE][gG]\x00;0,00209;1,10901;26,94271;16,68346;36,24774;10;33;33;33;13;140;140;140;1;1;1;;;0;10;103,3333333;22,19951111;4,225066667;0,37624;2,62451;0,89351;94;101;93;138;108;;
^.{84}.*\x5C\x00[wW]\x00[iI]\x00[nN]\x00[rR]\x00[eE]\x00[gG]\x00;0,00204;4,06838;49,48184;24,99158;48,22599;16;57;57;57;19;248;248;248;1;1;1;;;0;10;108,4444444;7,433966667;3,558;0,37624;3,69867;1,71099;100;113;99;180;126;;
^.{8}.*\x00.*.{0}.*\x00.*.{0}.*\x00;0,00194;0,82546;4,81593;3,86894;3,1116;7;13;13;13;16;38;38;38;1;1;1;;;0;10;36,66666667;5,401822222;0,269011111;0,37624;0,3818;0,21115;17;15;12;21;15;;
^.{8}.*\x00.*.*\x00.*.*\x00;0,00259;0,47197;4,16126;4,00538;3,95604;7;13;13;13;16;38;38;38;1;1;1;;;0;10;39,11111111;0,702455556;0,442155556;0,37624;0,62033;0,16482;17;15;12;21;15;;
^.{8}[^\x03]*;0,00198;0,0976;1,38672;1,86942;1,38685;3;5;5;5;6;16;16;16;1;1;1;;;0;0;22,11111111;0,702911111;0,161466667;0,37624;0,21043;0,14047;10;11;9;13;9;;
^.{9}1;0,00191;0,08953;2,37061;0,69716;1,3088;2;3;3;3;3;6;6;6;1;1;1;;;0;0;15,66666667;0,173555556;0,194844444;0,37624;0,00051;0,17486;11;11;11;11;11;;
^.* [aA][uU][tT][hH][eE][nN][tT][iI][cC][aA][tT][eE] [^\x0a]{100};0,00291;3,98406;58,92069;22,11636;66,62282;16;56;56;56;18;292;292;292;1;1;1;;;0;0;121,2222222;30,18826667;8,008;0,37624;;;;;;;;1;The function has taken longer than the maximum time allowed.
^[aA][uU][tT][hH][iI][nN][fF][oO] [uU][sS][eE][rR] [^\x0a]{500};0,00231;3,82048;6,16905;3,2501;8,75769;16;17;17;17;17;20;20;20;1;1;1;;;0;0;519,8888889;174,3330111;62,34431111;0,37624;0,00045;5,73328;515;515;515;515;515;;
^.*[aA][uU][tT][hH][oO][rR][iI][zZ][aA][tT][iI][oO][nN]: [bB][aA][sS][iI][cC] [^\x0A]{512};0,00256;14,20683;144,76141;43,20576;155,52728;23;84;84;84;25;450;450;450;1;1;1;;;0;0;544,5555556;134,1080111;79,38117778;0,37624;;;;;;;;1;The function has taken longer than the maximum time allowed.
^.*[aA][uU][tT][hH][oO][rR][iI][zZ][aA][tT][iI][oO][nN]\x3A [bB][aA][sS][iI][cC] [^\x0A]{512};0,00245;7,85749;92,82038;31,0762;116,05902;23;84;84;84;25;450;450;450;1;1;1;;;0;0;541,3333333;129,8291333;82,7324;0,37624;;;;;;;;1;The function has taken longer than the maximum time allowed.
^.*[aA][uU][tT][hH][^\x0a]{50};0,00016;1,04237;5,94419;4,91912;7,34434;6;16;16;16;8;76;76;76;1;1;1;;;0;0;64,11111111;6,891033333;1,245111111;0,37624;;;;;;;;1;The function has taken longer than the maximum time allowed.
^.* BODY\[[^\]]{1024};0,00012;0,49086;13,99832;6,11219;12,97411;8;24;24;24;10;120;120;120;1;1;1;;;0;0;1040,666667;198,9261556;112,6888;0,37624;;;;;;;;1;The function has taken longer than the maximum time allowed.
^.* BODY\.PEEK\[[^\]]{1024};0,00055;3,05719;62,90962;24,01725;78,3914;13;44;44;44;15;230;230;230;1;1;1;;;0;0;1046,333333;285,3436111;96,08478889;0,37624;;;;;;;;1;The function has taken longer than the maximum time allowed.
^.*[cC][aA][pP][aA][^\x0a]{10};0,00028;0,87546;9,00267;7,22875;8,80714;6;16;16;16;8;76;76;76;1;1;1;;;0;0;26,11111111;0,6817;0,383188889;0,37624;13,18405;27,42613;16;191;15;594;22;;
^.*[cC][eE][lL] [^\x0a]{100};0,00037;0,65941;15,85998;8,16089;16,67763;6;16;16;16;8;76;76;76;1;1;1;;;0;0;116,2222222;13,95757778;8,235466667;0,37624;;;;;;;;1;The function has taken longer than the maximum time allowed.
^.* [cC][hH][oO][wW][nN] [^\x0a]{100};0,00037;2,70121;24,57465;15,76544;32,93283;9;28;28;28;11;138;138;138;1;1;1;;;0;0;117,7777778;11,95932222;8,166666667;0,37624;;;;;;;;1;The function has taken longer than the maximum time allowed.
^.*[cC][mM][dD] [^\x0a]{100};0,0002;0,34018;6,48569;6,39013;7,46816;6;16;16;16;8;76;76;76;1;1;1;;;0;0;115,7777778;44,63438889;9,228544444;0,37624;;;;;;;;1;The function has taken longer than the maximum time allowed.
^.*[cC][oO][nN][tT][eE][nN][tT]-[tT][yY][pP][eE]\x3A[^\x0A]{50};0,00024;2,19153;44,84457;20,05528;42,14821;15;52;52;52;17;274;274;274;1;1;1;;;0;0;71,88888889;18,42873333;8,654055556;0,37624;;;;;;;;1;The function has taken longer than the maximum time allowed.
^.* [cC][pP][wW][dD] [^\x0a]{100};0,0002;0,42801;9,81235;5,88262;13,45719;8;24;24;24;10;116;116;116;1;1;1;;;0;0;116,2222222;23,83753333;4,089477778;0,37624;;;;;;;;1;The function has taken longer than the maximum time allowed.
^.*[cC][wW][dD] [^\x0a]{100};0,0002;0,30155;7,41329;3,51925;7,30184;6;16;16;16;8;76;76;76;1;1;1;;;0;0;114,3333333;14,39537778;4,002188889;0,37624;;;;;;;;1;The function has taken longer than the maximum time allowed.
^.*Content-Transfer-Encoding:[^\x0a]{100};0,00025;14,7011;150,91622;37,36852;152,15212;28;104;104;104;30;560;560;560;1;1;1;;;0;0;134,8888889;51,29438889;6,885633333;0,37624;;;;;;;;1;The function has taken longer than the maximum time allowed.
^.*Content-Type:[^\x0A]{50};0,00237;3,76437;44,0341;16,43019;47,86227;15;52;52;52;17;274;274;274;1;1;1;;;0;0;71,55555556;7,239222222;7,739944444;0,37624;;;;;;;;1;The function has taken longer than the maximum time allowed.
^Cookie: [^\=]{1,}\=\/[^\x0D\x0A]{2,}\x0D\x0A\x0D\x0A;0,00193;3,84804;2,96158;1,07084;3,44909;17;18;18;18;21;25;25;25;1;1;1;;;0;0;33,88888889;2,113166667;1,3463;0,37624;0,27908;3,47456;20;18;18;20;20;;
^.* CREATE [^\x0a]{1024};0,00159;1,11179;10,18293;7,66302;13,92419;10;32;32;32;12;160;160;160;1;1;1;;;0;0;1044,111111;147,3744556;72,92168889;0,37624;;;;;;;;1;The function has taken longer than the maximum time allowed.
^.*[dD][eE][lL][eE][^\x0a]{10};0,00155;0,20531;3,26499;2,94092;5,5746;6;16;16;16;8;76;76;76;1;1;1;;;0;0;24,44444444;2,306733333;0,977177778;0,37624;67,8751;6835,6253;16;191;15;594;22;1;The function has taken longer than the maximum time allowed.
^.*[dD][eE][lL][eE] [^\x0a]{100};0,00165;0,64094;7,28123;3,59513;6,50187;7;20;20;20;9;98;98;98;1;1;1;;;0;0;115,4444444;11,53334444;6,389355556;0,37624;;;;;;;;1;The function has taken longer than the maximum time allowed.
^.*[eE][xX][tT][eE][nN][dD][eE][dD] [mM][oO][dD][uU][lL][eE]\x3A[^\x1A]{21};0,0032;2,03381;39,73111;25,54338;39,46496;18;64;64;64;20;340;340;340;1;1;1;;;0;0;46,66666667;9,280066667;3,044633333;0,37624;9987,2333;199,5382;39;595;58;2612;130;1;The function has taken longer than the maximum time allowed.
^ETRN [^\x0A]{500};0,00135;0,17656;1,07606;0,6848;1,11001;7;8;8;8;8;11;11;11;1;1;1;;;0;0;508,8888889;31,62362222;17,38888889;0,37624;0,0002;5821,73175;506;506;506;506;506;1;The function has taken longer than the maximum time allowed.
^.* [fF][iI][nN][dD] [^\x0a]{1024};0,0016;0,35492;6,47691;4,53164;9,13321;8;24;24;24;10;116;116;116;1;1;1;;;0;0;1038,777778;81,00303333;45,42112222;0,37624;;;;;;;;1;The function has taken longer than the maximum time allowed.
^.*FOLD [^\x0A]{256};0,00203;0,3301;6,35809;4,29419;6,8114;7;20;20;20;9;98;98;98;1;1;1;;;0;0;269,4444444;15,69828889;11,47238889;0,37624;;;;;;;;1;The function has taken longer than the maximum time allowed.
^HELO [^\x0a]{500};0,00155;0,17364;0,84123;0,47887;1,37776;7;8;8;8;8;11;11;11;1;1;1;;;0;0;510,5555556;31,716;20,57657778;;;;;;;;;1;The function has taken longer than the maximum time allowed.
^.*HTTP\/[^\x0A]{5};0,0017;0,31354;4,83538;5,48853;7,79113;7;20;20;20;9;98;98;98;1;1;1;;;0;0;19;1,972111111;0,320777778;1000,74555;605,87892;572,37512;12;41;11;129;20;;
^.* [lL][iI][sS][tT] [^\x0a]{100};0,00217;0,43007;8,27901;5,03696;9,11921;8;24;24;24;10;116;116;116;1;1;1;;;0;0;115,5555556;6,451877778;3,340177778;164,1027;;;;;;;;1;The function has taken longer than the maximum time allowed.
^.*[lL][iI][sS][tT][^\x0a]{50};0,0017;0,23471;4,87116;3,55115;6,15006;6;16;16;16;8;76;76;76;1;1;1;;;0;0;62;7,262844444;2,1308;;;;;;;;;1;The function has taken longer than the maximum time allowed.
^.* LOGIN [^\x0a]{100};0,00164;0,46287;8,30649;5,27072;11,91517;9;28;28;28;11;138;138;138;1;1;1;;;0;0;115,4444444;7,369377778;6,196433333;60,4244;;;;;;;;1;The function has taken longer than the maximum time allowed.
^.* LSUB [^\x0a]{100};0,00211;0,80178;7,46469;5,62976;7,82405;8;24;24;24;10;116;116;116;1;1;1;;;0;0;117,4444444;4,994133333;5,885622222;0,1833;;;;;;;;1;The function has taken longer than the maximum time allowed.
^.*[mM][kK][dD] [^\x0a]{100};0,00175;0,69305;4,25503;3,54211;4,9125;6;16;16;16;8;76;76;76;1;1;1;;;0;0;113,2222222;5,963155556;4,093377778;9,0816;;;;;;;;1;The function has taken longer than the maximum time allowed.
^\n*200[\x20\x09\x0b][^\n]{64};0,0018;0,15391;1,69047;0,46081;1,23812;6;7;7;7;8;11;11;11;1;1;1;;;0;0;81,33333333;6,867088889;2,497055556;;;;;;;;;1;The function has taken longer than the maximum time allowed.
^\n*[aAlLlLoO][\x20\x09\x0b][^\n]{100};0,00231;0,14457;0,7755;0,5683;1,77117;4;5;5;5;6;9;9;9;1;1;1;;;0;0;110,8888889;5,128755556;3,445577778;;;;;;;;;1;The function has taken longer than the maximum time allowed.
^\n*[aA][pP][oO][pP][\x20\x09\x0b][^\n]{256};0,00136;0,17664;0,71506;0,6615;1,45397;7;8;8;8;9;12;12;12;1;1;1;;;0;0;271,4444444;23,35115556;23,15153333;0,8691;4,7444;15433,6359;263;262;262;263;263;1;The function has taken longer than the maximum time allowed.
^\n*[aA][pP][oO][pP][\x20\x09\x0b]+[uU][sS][eE][rR][\x20\x09\x0b][^\n]{2,56};0,00155;1,56827;1,60347;0,6136;1,85796;12;13;13;13;15;18;18;18;1;1;1;;;0;0;27,33333333;1,2631;1,581466667;20304,394;7,3443;0,3932;70;68;13;124;15;1;The function has taken longer than the maximum time allowed.
^\n*[aA][pP][pP][eE][\x20\x09\x0b][^\n]{100};0,00199;1,34553;0,99791;0,5815;1,60793;7;8;8;8;9;12;12;12;1;1;1;;;0;0;114,3333333;6,685922222;7,999488889;;;;;;;;;1;The function has taken longer than the maximum time allowed.
^\n*[aA][uU][tT][hH][iI][nN][fF][oO][\x20\x09\x0b]+[uU][sS][eE][rR][\x20\x09\x0b][^\n]{200};0,00179;1,65812;2,42849;0,78495;4,01622;16;17;17;17;19;22;22;22;1;1;1;;;0;0;228,7777778;27,87206667;8,030688889;0,592;20470,1439;1,3547;217;215;215;217;217;1;The function has taken longer than the maximum time allowed.
^\n*[aA][uU][tT][hH][\x20\x09\x0b][^\n]{100};0,00175;0,8798;1,15942;0,67856;1,15439;7;8;8;8;9;12;12;12;1;1;1;;;0;0;112,4444444;5,845833333;5,820033333;531,84795;560,38514;11,06107;107;106;106;107;107;;
^\n*[aA][uU][tT][hH][\x20\x09\x0b][^\n]{50};0,00221;0,28476;1,6152;0,71318;1,99729;7;8;8;8;9;12;12;12;1;1;1;;;0;0;65,88888889;2,789677778;1,315677778;27,57388;51,13614;1,61689;57;56;56;57;57;;
^\n*[cC][aA][pP][aA][\x20\x09\x0b][^\n]{10};0,00175;0,21656;1,00439;0,50172;1,12873;7;8;8;8;9;12;12;12;1;1;1;;;0;0;25,33333333;1,732677778;0,732722222;158,5465;;;;;;;;1;The function has taken longer than the maximum time allowed.
^\n*[cC][hH][eE][cC][kK][gG][rR][oO][uU][pP][sS]\x3a[^\n]{21};0,00218;0,99371;2,95552;0,83912;3,80169;14;15;15;15;16;19;19;19;1;1;1;;;0;0;42;1,666144444;0,935777778;5,08314;36,70805;73,997;35;34;34;35;35;;
^\n*COPY[^s]{432};0,00203;0,22306;1,27691;0,60452;1,98806;6;7;7;7;8;11;11;11;1;1;1;;;0;0;447,2222222;28,59637778;13,98035556;694,90284;1877,4474;1968,91205;438;437;437;438;438;;
^\n*[dD][eE][lL][eE][\x20\x09\x0b][^\n]{10};0,00175;0,19785;0,98636;0,4912;1,78171;7;8;8;8;9;12;12;12;1;1;1;;;0;0;25,22222222;0,974688889;1,777222222;10,26332;545,96134;1,94684;17;16;16;17;17;;
^\n*DELETE[^s]{432};0,0017;0,46596;1,01327;0,81543;1,44139;8;9;9;9;10;13;13;13;1;1;1;;;0;0;448,5555556;35,84507778;12,05621111;16,5421;17209,7022;;;;;;;1;The function has taken longer than the maximum time allowed.
^\n*[eE][tT][rR][nN]][\x20\x09\x0b][^\n]{500};0,00262;0,56332;2,61771;1,58964;2,13528;8;9;9;9;10;13;13;13;1;1;1;;;0;0;518,4444444;34,14245556;13,80444444;39,7596;11247,0308;40,7463;508;507;507;508;508;1;The function has taken longer than the maximum time allowed.
^\n*[eE][xX][pP][nN][^\n]{255,};0,00301;0,97217;2,97127;1,50726;3,05077;7;8;8;8;11;15;15;15;1;1;1;;;0;0;271;11,9288;11,59234444;2603,273971;2159,873743;754,7867714;262;262;260;265;261;1;The function has taken longer than the maximum time allowed.
^\n*[fF][iI][lL][eE]\x3a\x2f\x2f[^\n]{400};0,00237;0,50099;1,61139;1,10835;2,52222;9;10;10;10;11;14;14;14;1;1;1;;;0;0;417;44,25122222;25,79234444;34823,7557;72,2897;;;;;;;1;The function has taken longer than the maximum time allowed.
^\n*[fF][oO][lL][dD][\x20\x09\x0b][^\n]{256};0,00259;0,38122;1,94793;1,03707;2,29851;7;8;8;8;9;12;12;12;1;1;1;;;0;0;271,7777778;12,50355556;6,821155556;13654,5064;97,7633;1,0776;263;262;262;263;263;1;The function has taken longer than the maximum time allowed.
^\n*GET[^s]{432};0,00214;0,65581;1,65402;0,78075;1,44968;5;6;6;6;7;10;10;10;1;1;1;;;0;0;445,5555556;11,38373333;10,47644444;826,4411;697,8906111;1811,446822;437;436;436;437;437;1;The function has taken longer than the maximum time allowed.
^\n*HEAD[^s]{432};0,0024;0,50818;1,57471;0,72249;2,25046;6;7;7;7;8;11;11;11;1;1;1;;;0;0;448;16,01225556;8,939244444;104,37418;24,94489;26,43959;438;437;437;438;438;;
^\n*[hH][eE][lL][oO][\x20\x09\x0b][^\n]{500};0,00292;0,40432;2,04258;0,91906;3,35705;7;8;8;8;9;12;12;12;1;1;1;;;0;0;518,7777778;16,02547778;10,76455556;9,88157;121,29695;127,17562;507;506;506;507;507;;
^\n*[hH][eE][lL][pP][\x20\x09\x0b][^\n]{500};0,00244;0,29679;1,95218;0,71282;1,84068;7;8;8;8;9;12;12;12;1;1;1;;;0;0;514,1111111;16,33898889;8,892033333;116,31566;120,92375;275,23611;507;506;506;507;507;;
^\n*[hH][tT]{2}[pP]\x3a\x2f\x2f[^\n]{400};0,00259;0,54096;3,15882;1,21955;2,83879;7;8;8;8;10;13;12;13;2;2;2;;;0;10;418;24,08567778;6,753022222;34,03666667;267,6900333;57,94792;409;408;408;409;409;1;The function has taken longer than the maximum time allowed.
^\n*[iI][hH][aA][vV][eE]\x3a[^\n]{21};0,00174;0,43171;1,64348;0,84881;3,26169;8;9;9;9;10;13;13;13;1;1;1;;;0;0;40,77777778;1,799077778;0,691666667;47,5294;61651,2693;;29;28;28;29;29;1;The function has taken longer than the maximum time allowed.
^\n*[lL][iI][sS][tT][\x20\x09\x0b][^\n]{10};0,00217;0,40787;1,687;0,67324;3,79165;7;8;8;8;9;12;12;12;1;1;1;;;0;0;24,55555556;0,551633333;0,269133333;22166,1763;15,1597;5,987666667;17;16;16;17;17;1;The function has taken longer than the maximum time allowed.
^\n*[lL][oO][cC][aA][tT][iI][oO][nN]\x3a[^\n]{128};0,00189;0,47089;1,4643;0,83137;2,21376;11;12;12;12;13;16;16;16;1;1;1;;;0;0;146,5555556;5,328733333;2,350822222;20534,1947;233,2737667;9,8274;139;138;138;139;139;1;The function has taken longer than the maximum time allowed.
^\n*LOCK[^s]{432};0,0018;0,17672;1,22764;0,50389;1,2488;6;7;7;7;8;11;11;11;1;1;1;;;0;0;448,1111111;13,66393333;9,243144444;14,3201;5,1699;73460,0369;438;437;437;438;438;1;The function has taken longer than the maximum time allowed.
^\n*MKCOL[^s]{432};0,0016;0,27949;1,21106;0,64067;2,10196;7;8;8;8;9;12;12;12;1;1;1;;;0;0;447,6666667;16,17415556;9,201322222;;;;;;;;;1;The function has taken longer than the maximum time allowed.
^\n*[mM][aA][iI][lL] [fF][rR][oO][mM]:[\x20\x09\x0b]+[a-zA-Z0-9_\x20\x09\x0b@\.]{0,200}\x3b[a-zA-Z0-9_\x20\x09\x0b@\.]{200,}\x3b[a-zA-Z0-9_\x20\x09\x0b@\.]{0,200};0,00212;3,76235;6,15197;1,66966;7,7495;17;20;20;20;25;35;32;34;3;3;3;;;0;6;233,6666667;14,73936667;8,934422222;;;;;;;;;1;The function has taken longer than the maximum time allowed.
^\n*[mM][dD][tT][mM][\x20\x09\x0b][^\n]{100};0,00188;0,48905;1,02834;0,54577;1,69852;7;8;8;8;9;12;12;12;1;1;1;;;0;0;115,5555556;3,483344444;1,694577778;131,4648;99298,528;75,6803;108;205;106;406;207;1;The function has taken longer than the maximum time allowed.
^\n*MOVE[^s]{432};0,0017;0,16733;0,86086;0,65777;1,3067;6;7;7;7;8;11;11;11;1;1;1;;;0;0;446,8888889;16,20002222;7,592211111;86,4349;106769,4851;54,9694;438;437;437;438;438;1;The function has taken longer than the maximum time allowed.
^([nN][aA][mM][eE]|[iI][dD]|[nN][uU][mM][bB][eE][rR]|[tT][oO][tT][aA][lL]|[bB][oO][uU][nN][dD][aA][rR][yY])=[\x20\x09\x0b]*[^\r\n\x3b\s\x2c]{300};0,00198;1,98613;3,51386;1,06725;4,761;25;25;25;25;31;33;32;33;1;1;1;;;0;7;317,5555556;38,05315556;2,971877778;;;;;;;;;1;The function has taken longer than the maximum time allowed.
^[nN][aA][mM][eE]=s*[^\r\n\x3b\x20\x09\x0b\x2c]{300};0,00175;0,62492;2,06792;1,21895;3,2606;8;11;11;11;10;21;21;21;1;1;1;;;0;0;315,8888889;12,18438889;6,607277778;;;;;;;;;1;The function has taken longer than the maximum time allowed.
^.* [nN][eE][wW][eE][rR] [^\x0a]{100};0,00178;0,55935;9,79886;5,93578;13,18073;9;28;28;28;11;138;138;138;1;1;1;;;0;0;119,5555556;6,881844444;3,0911;64,5973;;;;;;;;1;The function has taken longer than the maximum time allowed.
^\n*[nN][eE][wW][gG][rR][oO][uU][pP]\x3a[^\n]{21};0,00203;0,71894;1,79402;0,7425;2,41571;11;12;12;12;13;16;16;16;1;1;1;;;0;0;40,44444444;1,148066667;0,551588889;29812,5309;;;;;;;;1;The function has taken longer than the maximum time allowed.
^\n*POST[^s]{432};0,00155;0,1803;1,02558;0,47046;1,33288;6;7;7;7;8;11;11;11;1;1;1;;;0;0;447,3333333;17,43918889;10,59837778;20,5373;20,3741;78222,0158;438;437;437;438;438;1;The function has taken longer than the maximum time allowed.
^\n*[pP][aA][sS][sS][\x20\x09\x0b][^\n]{50};0,0015;0,20382;0,8114;0,53219;2,16154;7;8;8;8;9;12;12;12;1;1;1;;;0;0;66;2,1356;1,911822222;31,4342;47,48;44999,9398;57;56;56;57;57;1;The function has taken longer than the maximum time allowed.
^\n*[pP][rR][iI][vV][mM][sS][gG][\x20\x09\x0b]+[nN][iI][cC][kK][sS][eE][rR][vV][\x20\x09\x0b]+[iI][dD][eE][nN][tT][iI][fF][yY][\x20\x09\x0b][^\n]{100};0,00231;8,23623;3,19493;1,23015;4,54483;28;29;29;29;32;35;35;35;1;1;1;;;0;0;145,2222222;8,189833333;3,213344444;41315,797;;;;;;;;1;The function has taken longer than the maximum time allowed.
^\n*PUT[^s]{432};0,00227;0,22738;1,18519;0,67065;1,72317;5;6;6;6;7;10;10;10;1;1;1;;;0;0;443,6666667;14,74233333;8,528555556;51540,9511;168,7006;53,93;437;436;436;437;437;1;The function has taken longer than the maximum time allowed.
^\n*[rR][cC][pP][tT] [tT][oO][\x20\x09\x0b][^\n]{300};0,00217;0,48821;1,86765;0,77846;2,32804;10;11;11;11;12;15;15;15;1;1;1;;;0;0;317,1111111;15,36403333;7,6238;50264,0288;73,0832;53,0698;310;309;309;310;310;1;The function has taken longer than the maximum time allowed.
^\n*[rR][cC][pP][tT] [tT][oO]\x3a[\x20\x09\x0b]+[a-zA-Z0-9\x5f\x20\x09\x0b\x40\.]{0,200}\x3b[a-zA-Z0-9\x5f\x20\x09\x0b=x40\.]{200,}\x3b[a-zA-Z0-9\x5f\x20\x09\x0b\x40\.]{0,200};0,00208;1,77;6,77856;1,69979;8,47325;15;18;18;18;23;33;30;32;3;3;3;;;0;10;239,7777778;14,452;10,5911;86995,3796;;;;;;;;1;The function has taken longer than the maximum time allowed.
^\n*[rR][mM][gG][rR][oO][uU][pP]\x3a[^\n]{21};0,00175;0,36627;1,68007;0,56966;1,85818;10;11;11;11;12;15;15;15;1;1;1;;;0;0;40,33333333;1,814644444;1,033411111;57554,4987;105,1515;;;;;;;1;The function has taken longer than the maximum time allowed.
^\n*[rR][sS][eE][tT][\x20\x09\x0b][^\n]{10};0,00189;1,36867;1,17444;0,6135;1,89866;7;8;8;8;9;12;12;12;1;1;1;;;0;0;25,22222222;0,3517;1,220866667;41347,72137;5,1439;20,7768;17;16;16;17;17;1;The function has taken longer than the maximum time allowed.
^\n*[sS][aA][mM][lL] [fF][rR][oO][mM]:[\x20\x09\x0b]+[a-zA-Z0-9_\x20\x09\x0b@\.]{0,200}\x3b[a-zA-Z0-9_\x20\x09\x0b@\.]{200,}\x3b[a-zA-Z0-9_\x20\x09\x0b@\.]{0,200};0,00199;2,98033;4,81971;1,86293;6,19019;17;20;20;20;25;35;32;34;3;3;3;;;0;7;237,2222222;16,14833333;10,94887778;5,2109;;;;;;;;1;The function has taken longer than the maximum time allowed.
^\n*[sS][eE][nN][dD] [fF][rR][oO][mM]:[\x20\x09\x0b]+[a-zA-Z0-9\x5f\x20\x09\x0b@\.]{0,200}\x3b[a-zA-Z0-9_\x20\x09\x0b@\.]{200,}\x3b[a-zA-Z0-9_\x20\x09\x0b@\.]{0,200};0,00213;4,14828;7,6153;2,65669;8,09576;17;20;20;20;25;35;32;34;3;3;3;;;0;9;237,7777778;44,48652222;25,7687;60,2312;;;;;;;;1;The function has taken longer than the maximum time allowed.
^\n*[sS][eE][nN][dD][mM][eE]\x3a[^\n]{21};0,00204;0,40573;1,81433;0,67943;1,75423;9;10;10;10;11;14;14;14;1;1;1;;;0;0;40;1,850055556;1,7089;;;;;;;;;1;The function has taken longer than the maximum time allowed.
^\n*[sS][eE][nN][dD][sS][yY][sS]\x3a[^\n]{21};0,00185;0,37551;1,05735;1,19153;1,39107;10;11;11;11;12;15;15;15;1;1;1;;;0;0;40,33333333;1,426333333;1,051711111;;;;;;;;;1;The function has taken longer than the maximum time allowed.
^\n*[sS][eE][nN][dD][uU][uU][nN][aA][mM][eE]\x3a[^\n]{21};0,00165;0,97833;1,66216;0,76486;3,2099;13;14;14;14;15;18;18;18;1;1;1;;;0;0;42;1,358222222;1,419688889;108,2268;132,131;34280,1641;34;33;33;34;34;1;The function has taken longer than the maximum time allowed.
^\n*[sS][oO][mM][lL] [fF][rR][oO][mM]:[\x20\x09\x0b]+[a-zA-Z0-9_\x20\x09\x0b@\.]{0,200}\x3b[a-zA-Z0-9_\x20\x09\x0b@\.]{200,}\x3b[a-zA-Z0-9_\x20\x09\x0b@\.]{0,200};0,00189;2,29162;4,85101;2,08215;6,35006;17;20;20;20;25;35;32;34;3;3;3;;;0;7;239,6666667;17,32777778;13,77936667;184,5094;;;;;;;;1;The function has taken longer than the maximum time allowed.
^\n*[sS][sS][hH]-[\x20\x09\x0b][^\n]{200};0,00203;0,27336;1,22931;0,63558;1,50656;7;8;8;8;9;12;12;12;1;1;1;;;0;0;214,8888889;15,95742222;9,704488889;7,4968;13,7967;113652,4855;207;206;206;207;207;1;The function has taken longer than the maximum time allowed.
^\n*[sS][tT][aA][tT][\x20\x09\x0b][^\n]{10};0,002;0,28482;1,37786;1,58106;2,11303;7;8;8;8;9;12;12;12;1;1;1;;;0;0;23;0,505877778;0,468044444;151777,7401;93,4364;4,9217;17;16;16;17;17;1;The function has taken longer than the maximum time allowed.
^\n*[sS][tT][oO][uU][\x20\x09\x0b][^\n]{100};0,00151;0,18779;1,08416;0,49632;1,18381;7;8;8;8;9;12;12;12;1;1;1;;;0;0;117,7777778;5,610633333;3,646944444;0,5465;1,27616;8,24496;107;106;106;107;107;1;The function has taken longer than the maximum time allowed.
^\n*TRACE[^s]{432};0,00165;0,23629;1,68822;0,68612;1,80434;7;8;8;8;9;12;12;12;1;1;1;;;0;0;448;43,74555556;22,81947778;;;;;;;;;1;The function has taken longer than the maximum time allowed.
^\n*[tT][oO][pP][\x20\x09\x0b][^\n]{10};0,0016;0,17638;1,65436;0,44556;1,03496;6;7;7;7;8;11;11;11;1;1;1;;;0;0;23,33333333;1,959411111;0,793155556;;;;;;;;;1;The function has taken longer than the maximum time allowed.
^\n*[uU][sS][eE][rR][nN][aA][mM][eE]\:[^\n]{100};0,00174;0,45173;1,38047;0,60647;2,40549;11;12;12;12;13;16;16;16;1;1;1;;;0;0;116,2222222;8,053988889;7,847344444;0,8485;2,1912;10417,7226;111;110;110;111;111;1;The function has taken longer than the maximum time allowed.
^\n*[uU][sS][eE][rR][^\x0a]{49};0,00179;0,23391;1,13577;0,86944;1,35627;6;7;7;7;8;11;11;11;1;1;1;;;0;0;62,33333333;4,372811111;2,547533333;;;;;;;;;1;The function has taken longer than the maximum time allowed.
^\n*[uU][sS][eE][rR][\x20\x09\x0b][^\n]{49};0,00165;0,20984;1,31503;0,52058;1,25167;7;8;8;8;9;12;12;12;1;1;1;;;0;0;65,55555556;2,7506;7,367577778;;;;;;;;;1;Do?lo k jedn? nebo vce chybm.
^\n*[uU][sS][eE][rR][\x20\x09\x0b][^\n]{50,};0,00169;0,37442;1,5442;0,73742;2,18687;8;9;9;9;12;16;16;16;1;1;1;;;0;0;62,44444444;6,686733333;2,744633333;;;;;;;;;1;The function has taken longer than the maximum time allowed.
^\n*[vV][eE][rR][sS][iI][oO][nN]\x3a[^\n]{21};0,00192;0,55057;1,56968;0,7195;1,91102;10;11;11;11;12;15;15;15;1;1;1;;;0;0;38,77777778;1,150655556;0,807455556;11877,2734;10959,1813;;;;;;;1;The function has taken longer than the maximum time allowed.
^\n*[vV][rR][fF][yY][^\n]{255,};0,00198;0,46748;1,16149;0,85679;1,76272;7;8;8;8;11;15;15;15;1;1;1;;;0;0;269,6666667;15,69436667;11,05861111;23782,1846;;;;;;;;1;The function has taken longer than the maximum time allowed.
^\n*[\x20\x09\x0b][aA][uU][tT][hH][eE][nN][tT][iI][cC][aA][tT][eE][\x20\x09\x0b][^\n]{100};0,00194;1,17314;1,68836;0,75867;2,7257;16;17;17;17;18;21;21;21;1;1;1;;;0;0;123,7777778;9,7812;7,006666667;;;;;;;;;1;The function has taken longer than the maximum time allowed.
^\n*[\x20\x09\x0b][cC][rR][eE][aA][tT][eE][\x20\x09\x0b][^\n]{1024};0,00202;0,45061;1,35392;0,74646;2,26544;10;11;11;11;12;15;15;15;1;1;1;;;0;0;1042,555556;60,53542222;33,02565556;22575,156;298,0022;;;;;;;1;The function has taken longer than the maximum time allowed.
^\n*[\x20\x09\x0b][fF][iI][nN][dD][\x20\x09\x0b][^\n]{100};0,00151;0,22728;0,85115;1,1841;1,37314;8;9;9;9;10;13;13;13;1;1;1;;;0;0;115,5555556;7,554855556;6,167488889;11524,2795;2,9656;10,9052;108;107;107;108;108;1;The function has taken longer than the maximum time allowed.
^\n*[\x20\x09\x0b][lL][iI][sS][tT][\x20\x09\x0b][^\n]{100};0,00204;0,59835;1,63429;0,91721;1,54873;8;9;9;9;10;13;13;13;1;1;1;;;0;0;112,5555556;4,8454;2,886911111;3970,6661;8,444966667;14,85283333;108;107;107;108;108;1;The function has taken longer than the maximum time allowed.
^\n*[\x20\x09\x0b][lL][sS][uU][bB][\x20\x09\x0b][^\n]{100};0,00207;0,3568;1,24028;0,66873;1,99514;8;9;9;9;10;13;13;13;1;1;1;;;0;0;115,6666667;5,461066667;3,854933333;19,845;18,1292;0,8457;108;107;107;108;108;1;The function has taken longer than the maximum time allowed.
^\n*[\x20\x09\x0b]LOGIN[\x20\x09\x0b][^\n]{100};0,00141;0,46226;1,2218;0,53183;1,40654;9;10;10;10;11;14;14;14;1;1;1;;;0;0;115,1111111;7,002744444;5,676977778;;;;;;;;;1;The function has taken longer than the maximum time allowed.
^\n*[\x20\x09\x0b][pP][aA][rR][tT][iI][aA][lL].*[bB][oO][dD][yY]\[[^\]]{1024};0,00368;2,06154;16,13828;5,98761;16,91354;15;28;28;28;18;107;107;107;1;1;1;;;0;0;1049,333333;120,2508556;33,79771111;60,2522;;;;;;;;1;The function has taken longer than the maximum time allowed.
^\n*[\x20\x09\x0b][pP][aA][rR][tT][iI][aA][lL].*[bB][oO][dD][yY]\.[pP][eE][eE][kK]\[[^\]]{1024};0,00232;6,74744;39,91744;18,96206;39,8393;20;48;48;48;23;217;217;217;1;1;1;;;0;0;1058,555556;99,52748889;25,71396667;11616,0045;;;;;;;;1;The function has taken longer than the maximum time allowed.
^\n*[\x20\x09\x0b][rR][eE][nN][aA][mM][eE][\x20\x09\x0b][^\n]{100};0,00264;0,48688;1,28315;1,09091;2,13958;10;11;11;11;12;15;15;15;1;1;1;;;0;0;114,6666667;4,940322222;3,715688889;;;;;;;;;1;The function has taken longer than the maximum time allowed.
^\n*[xXmMkKdD][\x20\x09\x0b][^\n]{100};0,00141;0,09769;0,66526;0,38063;0,79026;4;5;5;5;6;9;9;9;1;1;1;;;0;0;111,7777778;3,148955556;4,135644444;58,9744;;;;;;;;1;The function has taken longer than the maximum time allowed.
^\n*[xX][tT][nN][dD][\x20\x09\x0b][^\n]{50};0,00213;0,31918;1,53983;0,81439;2,92141;7;8;8;8;9;12;12;12;1;1;1;;;0;0;63,66666667;6,4361;5,275288889;;;;;;;;;1;The function has taken longer than the maximum time allowed.
"^([pP][aA][cC][kK][aA][gG][eE]|[pP][rR][oO][cC][eE][dD][uU][rR][eE])_[pP][rR][eE][fF][iI][xX][\x20\x09\x0b\r\n]*=>[\x20\x09\x0b\r\n]*('[^']{1000,}|""[^""]{1000,})";0,0033;9,18363;15,35432;4,88598;19,73408;29;30;30;30;39;46;45;46;2;2;2;;;0;0;1035,777778;81,6583;28,64586667;;;;;;;;;1;The function has taken longer than the maximum time allowed.
^.*[pP][aA][sS][sS] [^\x0a]{100};0,00203;0,42676;9,50774;5,79467;8,26332;7;20;20;20;9;98;98;98;1;1;1;;;0;0;114,7777778;2,4823;1,434111111;22,1296;;;;;;;;1;The function has taken longer than the maximum time allowed.
^.*[pP][aA][sS][sS][^\x0a]{50};0,00282;0,53636;7,45827;4,79125;7,46884;6;16;16;16;8;76;76;76;1;1;1;;;0;0;63,11111111;1,943144444;1,296422222;0,4333;;;;;;;;1;The function has taken longer than the maximum time allowed.
^.* [rR][eE][nN][aA][mM][eE] [^\x0a]{1024};0,00301;1,22456;22,32647;11,05831;15,86943;10;32;32;32;12;160;160;160;1;1;1;;;0;0;1043,222222;42,08161111;19,591;;;;;;;;;1;The function has taken longer than the maximum time allowed.
^.*[rR][eE][sS][tT] [^\x0a]{100};0,00249;0,39785;7,8841;4,79814;9,12926;7;20;20;20;9;98;98;98;1;1;1;;;0;0;116,1111111;3,288655556;2,268311111;2,7048;;;;;;;;1;The function has taken longer than the maximum time allowed.
^.*[rR][mM][dD][iI][rR] [^\x0a]{100};0,00188;0,40424;8,07038;4,77506;7,717;8;24;24;24;10;120;120;120;1;1;1;;;0;0;116,2222222;3,748633333;1,889144444;250,1677;;;;;;;;1;The function has taken longer than the maximum time allowed.
^.*[rR][mM][dD] [^\x0a]{100};0,00146;0,21995;3,8444;2,90985;5,34542;6;16;16;16;8;76;76;76;1;1;1;;;0;0;115;3,502322222;2,586177778;3,9747;;;;;;;;1;The function has taken longer than the maximum time allowed.
^.*[rR][sS][eE][tT][^\x0a]{10};0,00155;0,23852;4,17942;4,02034;4,40968;6;16;16;16;8;76;76;76;1;1;1;;;0;0;24,44444444;0,672611111;0,256166667;121,8215;422,71517;210,51025;16;191;15;594;22;;
^.*SEARCH \/ HTTP\/1\.1\x0d\x0aHost\x3a.{0,251}\x0d\x0a\x0d\x0a;0,00203;10,37378;124,85438;20,48079;85,51774;29;120;114;114;31;647;595;595;1;1;1;;;0;0;43,88888889;1,5965;0,824922222;1,2246;;;;;;;;1;The function has taken longer than the maximum time allowed.
^.*SEARCH \/ HTTP\/1\.1\x0D\x0AHost\x3A.{0,251}\x0D\x0A\x0D\x0A;0,0025;10,74186;126,51395;20,35988;78,8579;29;120;114;114;31;647;595;595;1;1;1;;;0;0;43,22222222;2,201855556;0,640444444;89573,9748;83998,0723;120,6351;282;531;;;;1;The function has taken longer than the maximum time allowed.
^SSH-[^\x0a]{600};0,0017;0,13634;0,69092;0,66264;1,07373;6;7;7;7;7;10;10;10;1;1;1;;;0;0;610,2222222;10,96617778;8,389011111;15,304;0,0018;87810,2091;605;605;605;605;605;1;The function has taken longer than the maximum time allowed.
^.*[sS][iI][tT][eE] [^\x0a]{100};0,0015;0,31074;6,23763;4,3536;7,30385;7;20;20;20;9;98;98;98;1;1;1;;;0;0;116,8888889;2,331544444;1,845644444;;;;;;;;;1;The function has taken longer than the maximum time allowed.
^.*[sS][tT][aA][tT][^\x0a]{10};0,00169;0,20654;2,87218;2,24358;4,15294;6;16;16;16;8;76;76;76;1;1;1;;;0;0;24,44444444;0,221244444;0,190866667;82,755;176,4354;141951,809;16;191;15;594;22;1;The function has taken longer than the maximum time allowed.
^.*[sS][tT][aA][tT] [^\x0a]{100};0,00169;0,28554;5,27311;3,95708;4,89444;7;20;20;20;9;98;98;98;1;1;1;;;0;0;115,1111111;2,033755556;1,202866667;90474,2497;;;;;;;;1;The function has taken longer than the maximum time allowed.
^.*[sS][yY][sS][tT][eE][mM][pP][aA][tT][hH]=([hH][tT]{2}[pP][sS]?)|([fF][tT][pP]);0,00169;2,99916;13,33746;2,96157;9,44133;19;35;34;34;26;147;137;135;2;2;2;;;0;0;21,44444444;0,298177778;0,298522222;;;;;;;;;1;The function has taken longer than the maximum time allowed.
^.*[tT][oO][pP][^\x0a]{10};0,00169;1,77183;3,29574;2,54516;3,70217;5;12;12;12;7;54;54;54;1;1;1;;;0;0;18,77777778;0,215888889;0,172933333;44,0539;;;;;;;;1;The function has taken longer than the maximum time allowed.
^.*[tT][xX][tT][uU][sS][eE][rR][nN][aA][mM][eE]=[^\x0A]{980};0,00198;3,9532;27,42062;11,74829;30,03372;14;48;48;48;16;252;252;252;1;1;1;;;0;0;1003,111111;33,4081;13,65423333;278882,7862;;;;;;;;1;The function has taken longer than the maximum time allowed.
^.*uid=.{0}.{0,10} gid=;0,00189;0,95759;14,84913;6,40371;11,51905;10;32;32;32;12;163;163;163;1;1;1;;;0;0;27,33333333;0,3688;0,291155556;87295,2409;183940,705;;;;;;;1;The function has taken longer than the maximum time allowed.
^.*uid=.{0,10} gid=;0,0018;0,60959;9,2514;3,92875;9,94987;10;32;32;32;12;163;163;163;1;1;1;;;0;0;23,77777778;0,272444444;0,213466667;4,1711;;;;;;;;1;The function has taken longer than the maximum time allowed.
^.*[uU][sS][eE][rR] [^\x0a]{100};0,00165;0,26331;5,32882;4,3022;7,04446;7;20;20;20;9;98;98;98;1;1;1;;;0;0;118;4,195855556;2,085422222;104150,9306;;;;;;;;1;The function has taken longer than the maximum time allowed.
^.*[uU][sS][eE][rR][^\x0a]{50};0,00125;0,19184;3,32541;4,00782;4,57268;6;16;16;16;8;76;76;76;1;1;1;;;0;0;64,11111111;1,022577778;0,7463;62,3781;;;;;;;;1;The function has taken longer than the maximum time allowed.
^.*\x00.{33}.*\x00.*.{0}.*\x00;0,00145;0,21303;0,93288;1,14866;1,70283;6;9;9;9;13;23;23;23;1;1;1;;;0;0;62,88888889;0,924988889;0,605877778;204,5467;;;;;;;;1;The function has taken longer than the maximum time allowed.
^.*\x00.{33}.*\x00.*.*\x00;0,00146;0,21339;0,92883;1,71671;0,79362;6;9;9;9;13;23;23;23;1;1;1;;;0;0;56,66666667;0,978044444;0,697677778;;;;;;;;;1;The function has taken longer than the maximum time allowed.
^\x00\x01[^\x00]{100};0,00194;0,08275;0,63736;0,44901;0,87349;4;5;5;5;5;8;8;8;1;1;1;;;0;0;107,6666667;1,563844444;1,341877778;11,9745;0,0023;;;;;;;1;The function has taken longer than the maximum time allowed.
^\x00\x02.{14}\?;0,0016;0,08407;0,48205;0,3866;0,61291;4;5;5;5;5;8;8;8;1;1;1;;;0;0;23,55555556;0,175533333;0,174011111;0,653833333;0,000566667;0,764266667;18;18;18;18;18;1;The function has taken longer than the maximum time allowed.
^\x00\x02[^\x00]{100};0,00174;0,08481;0,48479;0,45914;0,6324;4;5;5;5;5;8;8;8;1;1;1;;;0;0;107,4444444;3,352044444;2,156244444;16,43186667;0,000566667;1,7872;103;103;103;103;103;1;The function has taken longer than the maximum time allowed.
^\x01.{240}.*\x0C.*.{0}.*%.{1}.{0,7}%.{1}.{0,7}%;0,00183;1,10077;57,0035;30,32468;34,32635;10;54;50;50;18;324;227;228;3;3;3;;;0;0;277,4444444;12,65502222;14,57976667;366191,5239;;;;;;;;1;The function has taken longer than the maximum time allowed.
^\x01.{240}.*\x0C.*.*%.{1}.{0,7}%.{1}.{0,7}%;0,00188;0,99261;54,21581;31,33926;30,79711;10;54;50;50;18;324;227;228;3;3;3;;;0;0;270,5555556;15,1171;18,85244444;111,0049;;;;;;;;1;The function has taken longer than the maximum time allowed.
^\x04\x00.{22}\x98\xD0\xFFk\x12\xA1\x106\x983F\xC3\xF8~4Z;0,00179;5,79186;38,34553;12,97921;47,72689;19;69;69;69;20;235;235;235;1;1;1;;;0;0;45,22222222;3,109655556;1,094511111;115892,6908;0,0004;319854,8004;41;41;41;41;41;1;The function has taken longer than the maximum time allowed.
^\x05.{1}\x00.{21}\x05;0,0016;0,10641;0,4256;1,12989;0,48131;5;6;6;6;6;9;9;9;1;1;1;;;0;0;31,33333333;0,640744444;0,720688889;96646,8827;0,0004;122276,4096;26;26;26;26;26;1;The function has taken longer than the maximum time allowed.
^\x05.{1}\x0B.{21}\x00;0,00238;0,19788;0,82061;0,54507;0,8769;5;6;6;6;6;9;9;9;1;1;1;;;0;0;28,88888889;0,3262;0,271344444;178,6878;0,0009;3,7255;26;26;26;26;26;1;The function has taken longer than the maximum time allowed.
^.*\x05.{1}\x0B.{29}j\x28\x199\x0C\xB1\xD0\x11\x9B\xA8\x00\xC0O\xD9\.\xF5;0,00199;6,93707;82,5465;16,19762;69,13855;20;80;80;80;22;419;419;419;1;1;1;;;0;0;58,11111111;1,896811111;0,702477778;21,6141;;;;;;;;1;The function has taken longer than the maximum time allowed.
^\x05.{1}\x0B.{29}\xA0\x01\x00\x00\x00\x00\x00\x00\xC0\x00\x00\x00\x00\x00\x00F;0,00208;2,18502;17,03405;12,50437;16,55568;20;66;66;66;21;218;218;218;1;1;1;;;0;0;53,55555556;1,458266667;1,210033333;70543,7609;0,0013;80,3133;49;49;49;49;49;1;The function has taken longer than the maximum time allowed.
^\x05.{1}\x0B.{29}\xB8J\x9FM\x1C\}\xCF\x11\x86\x1E\x00 \xAFn\x7CW;0,00249;9,15541;52,75285;11,19361;69,31781;20;66;66;66;21;218;218;218;1;1;1;;;0;0;52,55555556;2,304544444;2,0251;;;;;;;;;1;The function has taken longer than the maximum time allowed.
^\x05\x00.{5}\x12\x02.*.*\x05\x00.{5}n\x00;0,00258;1,3648;38,80538;21,78111;23,74929;10;39;39;39;15;274;272;274;2;2;2;;;0;10;34,11111111;0,674811111;0,187044444;8,1943;136923,0045;;;;;;;1;The function has taken longer than the maximum time allowed.
^.*\x05\x00.{5}\xDE\x03;0,00305;0,38264;7,6182;7,15772;5,37878;5;12;12;12;7;53;53;53;1;1;1;;;0;0;17,33333333;0,149133333;0,135244444;107475,1902;;;;;;;;1;The function has taken longer than the maximum time allowed.
^\x05\x00\x0B.{29}\x98\xD0\xFFk\x12\xA1\x106\x983F\xC3\xF8~4Z;0,00274;10,369;65,12992;19,2807;77,74524;20;70;70;70;21;236;236;236;1;1;1;;;0;0;52;3,792811111;1,349411111;26,6991;0,0004;29,9427;49;49;49;49;49;1;The function has taken longer than the maximum time allowed.
^\x05.*.*\x3B[^\x3B]{512};0,00259;0,29773;1,39688;0,88581;1,72798;5;6;6;6;9;12;12;12;1;1;1;;;0;10;531,1111111;9,634477778;7,944088889;;;;;;;;;1;The function has taken longer than the maximum time allowed.
^.*\x0a\x55\x73\x65\x72\x2d\x41\x67\x65\x6e\x74\x3a.{3,50}\x4f\x70\x65\x72\x61\x2f.*;0,00217;9,88582;74,73594;26,97013;65,68951;19;68;68;68;21;361;361;361;1;1;1;;;0;0;32,88888889;0,739966667;0,371255556;15,4766;;;;;;;;1;The function has taken longer than the maximum time allowed.
^.*\x0a\x55\x73\x65\x72\x2d\x41\x67\x65\x6e\x74\x3a\x20.{10,70}rv\x3a[0-2]\x2e[0-9].{0,30}Gecko\x2f.*;0,00189;17,8797;519,8755;105,09742;342,94005;26;192;192;192;29;1833;1833;1833;2;2;2;;;0;0;54,33333333;5,507144444;1,508188889;;;;;;;;;1;The function has taken longer than the maximum time allowed.
^.*\x0a\x55\x73\x65\x72\x2d\x41\x67\x65\x6e\x74\x3a\x20.{10,70}rv\x3a[0-2]\x2e[0-9].{0,30}Gecko\x2f(2000|2001|2002).*;0,00217;23,01359;759,20961;169,11218;556,75915;36;224;224;224;41;2145;2134;2145;2;2;2;;;0;0;54,11111111;6,063188889;1,478377778;119188,374;;;;;;;;1;The function has taken longer than the maximum time allowed.
^.*\x0a\x55\x73\x65\x72\x2d\x41\x67\x65\x6e\x74\x3a\x20.{10,90}Netscape\x2f[4-7].*;0,00269;6,61197;119,26073;18,38988;73,57589;24;88;88;88;26;471;471;471;1;1;1;;;0;0;45,22222222;1,134755556;0,4878;224,855;;;;;;;;1;The function has taken longer than the maximum time allowed.
^.*\x0a\x55\x73\x65\x72\x2d\x41\x67\x65\x6e\x74\x3a\x20.{10,90}Netscape\x2f4\x2e[0-9].*;0,00241;13,67314;108,05737;18,78245;90,83634;26;96;96;96;28;515;515;515;1;1;1;;;0;0;42,88888889;1,159211111;0,390844444;156196,2301;;;;;;;;1;The function has taken longer than the maximum time allowed.
^.*\x0a\x55\x73\x65\x72\x2d\x41\x67\x65\x6e\x74\x3a\x20.{10,90}Netscape\x2f7.*;0,00213;7,49236;91,8497;17,95373;73,03133;24;88;88;88;26;471;471;471;1;1;1;;;0;0;44,22222222;3,287977778;1,631644444;30,4727;245934,0735;412405,0189;117;1544;798;5005;2238;1;The function has taken longer than the maximum time allowed.
^.*\x0a\x55\x73\x65\x72\x2d\x41\x67\x65\x6e\x74\x3a\x20.{10,90}Netscape\x2f8\x2e[0-9].*;0,00208;13,73967;112,14604;22,04013;89,54764;26;96;96;96;28;515;515;515;1;1;1;;;0;0;48,55555556;3,674422222;1,422544444;0,2806;233,6852;658,2735;119;1784;941;5822;2661;1;The function has taken longer than the maximum time allowed.
^.*\x0a\x55\x73\x65\x72\x2d\x41\x67\x65\x6e\x74\x3a\x20.{5,30}MSIE\x20[1-9]*.;0,00226;8,79898;72,50706;15,08799;51,30308;20;72;72;72;23;386;386;386;1;1;1;;;0;0;42,33333333;1,456666667;0,4176;136337,3714;;;;;;;;1;The function has taken longer than the maximum time allowed.
^.*\x0d[lL][oO][cC][aA][tT][iI][oO][nN]\x3a[^\x0a]{128};0,00213;2,10262;23,70105;9,87968;28,35236;12;40;40;40;14;208;208;208;1;1;1;;;0;0;148;4,931833333;2,017377778;22,9711;;;;;;;;1;The function has taken longer than the maximum time allowed.
^\x80\x02.{4}.*\x02;0,0014;0,12241;0,64156;0,71712;1,01902;5;7;7;7;8;16;16;16;1;1;1;;;0;0;18,55555556;0,114822222;0,130322222;231,8896;129023,6597;9,0233;9;9;8;11;9;1;The function has taken longer than the maximum time allowed.
^\xff\xff\xff\xff\xff\xff\xff\xff\xff\xff\xff\xff\xff\xff\xff\xff.{2}\x00;0,00207;0,75986;0,80618;1,34818;0,88436;18;19;19;19;19;22;22;22;1;1;1;;;0;0;25,77777778;0,146488889;0,220733333;61061,5757;0,00155;66686,2936;20;20;20;20;20;1;The function has taken longer than the maximum time allowed.
^\xFF\xFF\xFF\xFF\xFF\xFF\xFF\xFF\xFF\xFF\xFF\xFF\xFF\xFF\xFF\xFF.{2}\x00;0,0017;1,18183;0,60493;0,94514;0,65125;18;19;19;19;19;22;22;22;1;1;1;;;0;0;26,11111111;0,126466667;0,182777778;18,2258;0,0004;131756,2193;20;20;20;20;20;1;The function has taken longer than the maximum time allowed.
^.*[xX][tT][nN][dD][^\x0a]{50};0,00184;0,23681;4,21025;3,53615;5,13661;6;16;16;16;8;76;76;76;1;1;1;;;0;0;63,33333333;1,127966667;4,013844444;119818,7929;;;;;;;;1;The function has taken longer than the maximum time allowed.
^.* [zZ][iI][pP][cC][hH][kK] [^\x0a]{100};0,00193;0,62965;13,85507;7,28356;15,1115;10;32;32;32;12;160;160;160;1;1;1;;;0;0;116,1111111;3,066322222;1,662022222;142299,4788;;;;;;;;1;The function has taken longer than the maximum time allowed.
